filename,lat,lon,hdg,pothole_count
lat_38.92801658584927_lon_-75.43840688438995_hdg_0_pano.jpg,38.92801658584927,-75.43840688438995,0,0
lat_38.92801658584927_lon_-75.43840688438995_hdg_180_pano.jpg,38.92801658584927,-75.43840688438995,180,0
lat_38.92801658584927_lon_-75.43840688438995_hdg_270_pano.jpg,38.92801658584927,-75.43840688438995,270,0
lat_38.92801658584927_lon_-75.43840688438995_hdg_90_pano.jpg,38.92801658584927,-75.43840688438995,90,0
lat_38.92811743423739_lon_-75.42915389309229_hdg_0_pano.jpg,38.92811743423739,-75.42915389309229,0,0
lat_38.92811743423739_lon_-75.42915389309229_hdg_180_pano.jpg,38.92811743423739,-75.42915389309229,180,0
lat_38.92811743423739_lon_-75.42915389309229_hdg_270_pano.jpg,38.92811743423739,-75.42915389309229,270,0
lat_38.92811743423739_lon_-75.42915389309229_hdg_90_pano.jpg,38.92811743423739,-75.42915389309229,90,0
lat_38.92835236026568_lon_-75.45816127424197_hdg_0_pano.jpg,38.92835236026568,-75.45816127424197,0,0
lat_38.92835236026568_lon_-75.45816127424197_hdg_180_pano.jpg,38.92835236026568,-75.45816127424197,180,0
lat_38.92835236026568_lon_-75.45816127424197_hdg_270_pano.jpg,38.92835236026568,-75.45816127424197,270,0
lat_38.92835236026568_lon_-75.45816127424197_hdg_90_pano.jpg,38.92835236026568,-75.45816127424197,90,0
lat_38.9283615137512_lon_-75.52867250792681_hdg_0_pano.jpg,38.9283615137512,-75.52867250792681,0,0
lat_38.9283615137512_lon_-75.52867250792681_hdg_180_pano.jpg,38.9283615137512,-75.52867250792681,180,0
lat_38.9283615137512_lon_-75.52867250792681_hdg_270_pano.jpg,38.9283615137512,-75.52867250792681,270,0
lat_38.9283615137512_lon_-75.52867250792681_hdg_90_pano.jpg,38.9283615137512,-75.52867250792681,90,0
lat_38.92837470487339_lon_-75.38323431897686_hdg_0_pano.jpg,38.92837470487339,-75.38323431897686,0,0
lat_38.92837470487339_lon_-75.38323431897686_hdg_180_pano.jpg,38.92837470487339,-75.38323431897686,180,0
lat_38.92837470487339_lon_-75.38323431897686_hdg_270_pano.jpg,38.92837470487339,-75.38323431897686,270,0
lat_38.92837470487339_lon_-75.38323431897686_hdg_90_pano.jpg,38.92837470487339,-75.38323431897686,90,0
lat_38.92840705622999_lon_-75.5084939514685_hdg_0_pano.jpg,38.92840705622999,-75.5084939514685,0,0
lat_38.92840705622999_lon_-75.5084939514685_hdg_180_pano.jpg,38.92840705622999,-75.5084939514685,180,0
lat_38.92840705622999_lon_-75.5084939514685_hdg_270_pano.jpg,38.92840705622999,-75.5084939514685,270,0
lat_38.92840705622999_lon_-75.5084939514685_hdg_90_pano.jpg,38.92840705622999,-75.5084939514685,90,0
lat_38.92843215264637_lon_-75.41846015501109_hdg_0_pano.jpg,38.92843215264637,-75.41846015501109,0,0
lat_38.92843215264637_lon_-75.41846015501109_hdg_180_pano.jpg,38.92843215264637,-75.41846015501109,180,0
lat_38.92843215264637_lon_-75.41846015501109_hdg_270_pano.jpg,38.92843215264637,-75.41846015501109,270,0
lat_38.92843215264637_lon_-75.41846015501109_hdg_90_pano.jpg,38.92843215264637,-75.41846015501109,90,0
lat_38.9284592045564_lon_-75.54850300563899_hdg_0_pano.jpg,38.9284592045564,-75.54850300563899,0,0
lat_38.9284592045564_lon_-75.54850300563899_hdg_180_pano.jpg,38.9284592045564,-75.54850300563899,180,0
lat_38.9284592045564_lon_-75.54850300563899_hdg_270_pano.jpg,38.9284592045564,-75.54850300563899,270,0
lat_38.9284592045564_lon_-75.54850300563899_hdg_90_pano.jpg,38.9284592045564,-75.54850300563899,90,0
lat_38.92854585707092_lon_-75.4986285323302_hdg_0_pano.jpg,38.92854585707092,-75.4986285323302,0,0
lat_38.92854585707092_lon_-75.4986285323302_hdg_180_pano.jpg,38.92854585707092,-75.4986285323302,180,0
lat_38.92854585707092_lon_-75.4986285323302_hdg_270_pano.jpg,38.92854585707092,-75.4986285323302,270,0
lat_38.92854585707092_lon_-75.4986285323302_hdg_90_pano.jpg,38.92854585707092,-75.4986285323302,90,0
lat_38.92858061607105_lon_-75.43379824130449_hdg_0_pano.jpg,38.92858061607105,-75.43379824130449,0,0
lat_38.92858061607105_lon_-75.43379824130449_hdg_180_pano.jpg,38.92858061607105,-75.43379824130449,180,0
lat_38.92858061607105_lon_-75.43379824130449_hdg_270_pano.jpg,38.92858061607105,-75.43379824130449,270,0
lat_38.92858061607105_lon_-75.43379824130449_hdg_90_pano.jpg,38.92858061607105,-75.43379824130449,90,0
lat_38.92864051211252_lon_-75.50425714607913_hdg_0_pano.jpg,38.92864051211252,-75.50425714607913,0,0
lat_38.92864051211252_lon_-75.50425714607913_hdg_180_pano.jpg,38.92864051211252,-75.50425714607913,180,0
lat_38.92864051211252_lon_-75.50425714607913_hdg_270_pano.jpg,38.92864051211252,-75.50425714607913,270,0
lat_38.92864051211252_lon_-75.50425714607913_hdg_90_pano.jpg,38.92864051211252,-75.50425714607913,90,0
lat_38.92867889631635_lon_-75.42367352586925_hdg_0_pano.jpg,38.92867889631635,-75.42367352586925,0,0
lat_38.92867889631635_lon_-75.42367352586925_hdg_180_pano.jpg,38.92867889631635,-75.42367352586925,180,0
lat_38.92867889631635_lon_-75.42367352586925_hdg_270_pano.jpg,38.92867889631635,-75.42367352586925,270,0
lat_38.92867889631635_lon_-75.42367352586925_hdg_90_pano.jpg,38.92867889631635,-75.42367352586925,90,0
lat_38.92870736131859_lon_-75.44337677412263_hdg_0_pano.jpg,38.92870736131859,-75.44337677412263,0,0
lat_38.92870736131859_lon_-75.44337677412263_hdg_180_pano.jpg,38.92870736131859,-75.44337677412263,180,0
lat_38.92870736131859_lon_-75.44337677412263_hdg_270_pano.jpg,38.92870736131859,-75.44337677412263,270,0
lat_38.92870736131859_lon_-75.44337677412263_hdg_90_pano.jpg,38.92870736131859,-75.44337677412263,90,0
lat_38.92873674421176_lon_-75.41357098370469_hdg_0_pano.jpg,38.92873674421176,-75.41357098370469,0,0
lat_38.92873674421176_lon_-75.41357098370469_hdg_180_pano.jpg,38.92873674421176,-75.41357098370469,180,0
lat_38.92873674421176_lon_-75.41357098370469_hdg_270_pano.jpg,38.92873674421176,-75.41357098370469,270,0
lat_38.92873674421176_lon_-75.41357098370469_hdg_90_pano.jpg,38.92873674421176,-75.41357098370469,90,0
lat_38.92878787736752_lon_-75.53344028929936_hdg_0_pano.jpg,38.92878787736752,-75.53344028929936,0,0
lat_38.92878787736752_lon_-75.53344028929936_hdg_180_pano.jpg,38.92878787736752,-75.53344028929936,180,0
lat_38.92878787736752_lon_-75.53344028929936_hdg_270_pano.jpg,38.92878787736752,-75.53344028929936,270,0
lat_38.92878787736752_lon_-75.53344028929936_hdg_90_pano.jpg,38.92878787736752,-75.53344028929936,90,0
lat_38.93297611509266_lon_-75.50303789920171_hdg_0_pano.jpg,38.93297611509266,-75.50303789920171,0,0
lat_38.93297611509266_lon_-75.50303789920171_hdg_180_pano.jpg,38.93297611509266,-75.50303789920171,180,0
lat_38.93297611509266_lon_-75.50303789920171_hdg_270_pano.jpg,38.93297611509266,-75.50303789920171,270,0
lat_38.93297611509266_lon_-75.50303789920171_hdg_90_pano.jpg,38.93297611509266,-75.50303789920171,90,0
lat_38.93328189327517_lon_-75.5636348110587_hdg_0_pano.jpg,38.93328189327517,-75.5636348110587,0,0
lat_38.93328189327517_lon_-75.5636348110587_hdg_180_pano.jpg,38.93328189327517,-75.5636348110587,180,0
lat_38.93328189327517_lon_-75.5636348110587_hdg_270_pano.jpg,38.93328189327517,-75.5636348110587,270,0
lat_38.93328189327517_lon_-75.5636348110587_hdg_90_pano.jpg,38.93328189327517,-75.5636348110587,90,0
lat_38.93330984938316_lon_-75.4435704917716_hdg_0_pano.jpg,38.93330984938316,-75.4435704917716,0,0
lat_38.93330984938316_lon_-75.4435704917716_hdg_180_pano.jpg,38.93330984938316,-75.4435704917716,180,0
lat_38.93330984938316_lon_-75.4435704917716_hdg_270_pano.jpg,38.93330984938316,-75.4435704917716,270,0
lat_38.93330984938316_lon_-75.4435704917716_hdg_90_pano.jpg,38.93330984938316,-75.4435704917716,90,0
lat_38.93331057026728_lon_-74.96376452952614_hdg_0_pano.jpg,38.93331057026728,-74.96376452952614,0,0
lat_38.93331057026728_lon_-74.96376452952614_hdg_180_pano.jpg,38.93331057026728,-74.96376452952614,180,0
lat_38.93331057026728_lon_-74.96376452952614_hdg_270_pano.jpg,38.93331057026728,-74.96376452952614,270,0
lat_38.93331057026728_lon_-74.96376452952614_hdg_90_pano.jpg,38.93331057026728,-74.96376452952614,90,0
lat_38.93333372833894_lon_-75.37882019704654_hdg_0_pano.jpg,38.93333372833894,-75.37882019704654,0,0
lat_38.93333372833894_lon_-75.37882019704654_hdg_180_pano.jpg,38.93333372833894,-75.37882019704654,180,0
lat_38.93333372833894_lon_-75.37882019704654_hdg_270_pano.jpg,38.93333372833894,-75.37882019704654,270,0
lat_38.93333372833894_lon_-75.37882019704654_hdg_90_pano.jpg,38.93333372833894,-75.37882019704654,90,0
lat_38.93336223823804_lon_-74.94402920403347_hdg_0_pano.jpg,38.93336223823804,-74.94402920403347,0,0
lat_38.93336223823804_lon_-74.94402920403347_hdg_180_pano.jpg,38.93336223823804,-74.94402920403347,180,0
lat_38.93336223823804_lon_-74.94402920403347_hdg_270_pano.jpg,38.93336223823804,-74.94402920403347,270,0
lat_38.93336223823804_lon_-74.94402920403347_hdg_90_pano.jpg,38.93336223823804,-74.94402920403347,90,0
lat_38.93340531083629_lon_-74.95868768019686_hdg_0_pano.jpg,38.93340531083629,-74.95868768019686,0,0
lat_38.93340531083629_lon_-74.95868768019686_hdg_180_pano.jpg,38.93340531083629,-74.95868768019686,180,0
lat_38.93340531083629_lon_-74.95868768019686_hdg_270_pano.jpg,38.93340531083629,-74.95868768019686,270,0
lat_38.93340531083629_lon_-74.95868768019686_hdg_90_pano.jpg,38.93340531083629,-74.95868768019686,90,0
lat_38.93342665683456_lon_-75.45363688747246_hdg_0_pano.jpg,38.93342665683456,-75.45363688747246,0,0
lat_38.93342665683456_lon_-75.45363688747246_hdg_180_pano.jpg,38.93342665683456,-75.45363688747246,180,0
lat_38.93342665683456_lon_-75.45363688747246_hdg_270_pano.jpg,38.93342665683456,-75.45363688747246,270,0
lat_38.93342665683456_lon_-75.45363688747246_hdg_90_pano.jpg,38.93342665683456,-75.45363688747246,90,0
lat_38.93343563932776_lon_-74.91866901448842_hdg_0_pano.jpg,38.93343563932776,-74.91866901448842,0,0
lat_38.93343563932776_lon_-74.91866901448842_hdg_180_pano.jpg,38.93343563932776,-74.91866901448842,180,0
lat_38.93343563932776_lon_-74.91866901448842_hdg_270_pano.jpg,38.93343563932776,-74.91866901448842,270,0
lat_38.93343563932776_lon_-74.91866901448842_hdg_90_pano.jpg,38.93343563932776,-74.91866901448842,90,0
lat_38.93344282157806_lon_-75.31874230959164_hdg_0_pano.jpg,38.93344282157806,-75.31874230959164,0,0
lat_38.93344282157806_lon_-75.31874230959164_hdg_180_pano.jpg,38.93344282157806,-75.31874230959164,180,0
lat_38.93344282157806_lon_-75.31874230959164_hdg_270_pano.jpg,38.93344282157806,-75.31874230959164,270,0
lat_38.93344282157806_lon_-75.31874230959164_hdg_90_pano.jpg,38.93344282157806,-75.31874230959164,90,0
lat_38.9334696213127_lon_-75.54854715890377_hdg_0_pano.jpg,38.9334696213127,-75.54854715890377,0,0
lat_38.9334696213127_lon_-75.54854715890377_hdg_180_pano.jpg,38.9334696213127,-75.54854715890377,180,0
lat_38.9334696213127_lon_-75.54854715890377_hdg_270_pano.jpg,38.9334696213127,-75.54854715890377,270,0
lat_38.9334696213127_lon_-75.54854715890377_hdg_90_pano.jpg,38.9334696213127,-75.54854715890377,90,0
lat_38.93347087798446_lon_-75.44895172434839_hdg_0_pano.jpg,38.93347087798446,-75.44895172434839,0,0
lat_38.93347087798446_lon_-75.44895172434839_hdg_180_pano.jpg,38.93347087798446,-75.44895172434839,180,0
lat_38.93347087798446_lon_-75.44895172434839_hdg_270_pano.jpg,38.93347087798446,-75.44895172434839,270,0
lat_38.93347087798446_lon_-75.44895172434839_hdg_90_pano.jpg,38.93347087798446,-75.44895172434839,90,0
lat_38.93347212812383_lon_-74.92865620608787_hdg_0_pano.jpg,38.93347212812383,-74.92865620608787,0,0
lat_38.93347212812383_lon_-74.92865620608787_hdg_180_pano.jpg,38.93347212812383,-74.92865620608787,180,0
lat_38.93347212812383_lon_-74.92865620608787_hdg_270_pano.jpg,38.93347212812383,-74.92865620608787,270,0
lat_38.93347212812383_lon_-74.92865620608787_hdg_90_pano.jpg,38.93347212812383,-74.92865620608787,90,0
lat_38.93348387578507_lon_-74.92359494105636_hdg_0_pano.jpg,38.93348387578507,-74.92359494105636,0,0
lat_38.93348387578507_lon_-74.92359494105636_hdg_180_pano.jpg,38.93348387578507,-74.92359494105636,180,0
lat_38.93348387578507_lon_-74.92359494105636_hdg_270_pano.jpg,38.93348387578507,-74.92359494105636,270,0
lat_38.93348387578507_lon_-74.92359494105636_hdg_90_pano.jpg,38.93348387578507,-74.92359494105636,90,0
lat_38.93348603320562_lon_-74.90865338003789_hdg_0_pano.jpg,38.93348603320562,-74.90865338003789,0,0
lat_38.93348603320562_lon_-74.90865338003789_hdg_180_pano.jpg,38.93348603320562,-74.90865338003789,180,0
lat_38.93348603320562_lon_-74.90865338003789_hdg_270_pano.jpg,38.93348603320562,-74.90865338003789,270,0
lat_38.93348603320562_lon_-74.90865338003789_hdg_90_pano.jpg,38.93348603320562,-74.90865338003789,90,0
lat_38.93351946244943_lon_-75.43326968351484_hdg_0_pano.jpg,38.93351946244943,-75.43326968351484,0,0
lat_38.93351946244943_lon_-75.43326968351484_hdg_180_pano.jpg,38.93351946244943,-75.43326968351484,180,0
lat_38.93351946244943_lon_-75.43326968351484_hdg_270_pano.jpg,38.93351946244943,-75.43326968351484,270,0
lat_38.93351946244943_lon_-75.43326968351484_hdg_90_pano.jpg,38.93351946244943,-75.43326968351484,90,0
lat_38.93354534484403_lon_-75.33869305435032_hdg_0_pano.jpg,38.93354534484403,-75.33869305435032,0,0
lat_38.93354534484403_lon_-75.33869305435032_hdg_180_pano.jpg,38.93354534484403,-75.33869305435032,180,0
lat_38.93354534484403_lon_-75.33869305435032_hdg_270_pano.jpg,38.93354534484403,-75.33869305435032,270,0
lat_38.93354534484403_lon_-75.33869305435032_hdg_90_pano.jpg,38.93354534484403,-75.33869305435032,90,0
lat_38.93356320187978_lon_-75.423550735908_hdg_0_pano.jpg,38.93356320187978,-75.423550735908,0,0
lat_38.93356320187978_lon_-75.423550735908_hdg_180_pano.jpg,38.93356320187978,-75.423550735908,180,0
lat_38.93356320187978_lon_-75.423550735908_hdg_270_pano.jpg,38.93356320187978,-75.423550735908,270,0
lat_38.93356320187978_lon_-75.423550735908_hdg_90_pano.jpg,38.93356320187978,-75.423550735908,90,0
lat_38.93359047444629_lon_-75.54387936639948_hdg_0_pano.jpg,38.93359047444629,-75.54387936639948,0,0
lat_38.93359047444629_lon_-75.54387936639948_hdg_180_pano.jpg,38.93359047444629,-75.54387936639948,180,0
lat_38.93359047444629_lon_-75.54387936639948_hdg_270_pano.jpg,38.93359047444629,-75.54387936639948,270,0
lat_38.93359047444629_lon_-75.54387936639948_hdg_90_pano.jpg,38.93359047444629,-75.54387936639948,90,0
lat_38.93359606012595_lon_-75.53868013199848_hdg_0_pano.jpg,38.93359606012595,-75.53868013199848,0,0
lat_38.93359606012595_lon_-75.53868013199848_hdg_180_pano.jpg,38.93359606012595,-75.53868013199848,180,0
lat_38.93359606012595_lon_-75.53868013199848_hdg_270_pano.jpg,38.93359606012595,-75.53868013199848,270,0
lat_38.93359606012595_lon_-75.53868013199848_hdg_90_pano.jpg,38.93359606012595,-75.53868013199848,90,0
lat_38.93360726222367_lon_-74.9136728257617_hdg_0_pano.jpg,38.93360726222367,-74.9136728257617,0,0
lat_38.93360726222367_lon_-74.9136728257617_hdg_180_pano.jpg,38.93360726222367,-74.9136728257617,180,0
lat_38.93360726222367_lon_-74.9136728257617_hdg_270_pano.jpg,38.93360726222367,-74.9136728257617,270,0
lat_38.93360726222367_lon_-74.9136728257617_hdg_90_pano.jpg,38.93360726222367,-74.9136728257617,90,0
lat_38.93361579635847_lon_-75.48366093477865_hdg_0_pano.jpg,38.93361579635847,-75.48366093477865,0,0
lat_38.93361579635847_lon_-75.48366093477865_hdg_180_pano.jpg,38.93361579635847,-75.48366093477865,180,0
lat_38.93361579635847_lon_-75.48366093477865_hdg_270_pano.jpg,38.93361579635847,-75.48366093477865,270,0
lat_38.93361579635847_lon_-75.48366093477865_hdg_90_pano.jpg,38.93361579635847,-75.48366093477865,90,0
lat_38.93414986606383_lon_-75.47330287923798_hdg_0_pano.jpg,38.93414986606383,-75.47330287923798,0,0
lat_38.93414986606383_lon_-75.47330287923798_hdg_180_pano.jpg,38.93414986606383,-75.47330287923798,180,0
lat_38.93414986606383_lon_-75.47330287923798_hdg_270_pano.jpg,38.93414986606383,-75.47330287923798,270,0
lat_38.93414986606383_lon_-75.47330287923798_hdg_90_pano.jpg,38.93414986606383,-75.47330287923798,90,0
lat_38.93437728315666_lon_-75.4786139853405_hdg_0_pano.jpg,38.93437728315666,-75.4786139853405,0,0
lat_38.93437728315666_lon_-75.4786139853405_hdg_180_pano.jpg,38.93437728315666,-75.4786139853405,180,0
lat_38.93437728315666_lon_-75.4786139853405_hdg_270_pano.jpg,38.93437728315666,-75.4786139853405,270,0
lat_38.93437728315666_lon_-75.4786139853405_hdg_90_pano.jpg,38.93437728315666,-75.4786139853405,90,0
lat_38.93816218697108_lon_-74.93873286745006_hdg_0_pano.jpg,38.93816218697108,-74.93873286745006,0,0
lat_38.93816218697108_lon_-74.93873286745006_hdg_180_pano.jpg,38.93816218697108,-74.93873286745006,180,0
lat_38.93816218697108_lon_-74.93873286745006_hdg_270_pano.jpg,38.93816218697108,-74.93873286745006,270,0
lat_38.93816218697108_lon_-74.93873286745006_hdg_90_pano.jpg,38.93816218697108,-74.93873286745006,90,0
lat_38.93821850647254_lon_-74.94366353902218_hdg_0_pano.jpg,38.93821850647254,-74.94366353902218,0,0
lat_38.93821850647254_lon_-74.94366353902218_hdg_180_pano.jpg,38.93821850647254,-74.94366353902218,180,0
lat_38.93821850647254_lon_-74.94366353902218_hdg_270_pano.jpg,38.93821850647254,-74.94366353902218,270,0
lat_38.93821850647254_lon_-74.94366353902218_hdg_90_pano.jpg,38.93821850647254,-74.94366353902218,90,0
lat_38.93825123927913_lon_-75.53431126959374_hdg_0_pano.jpg,38.93825123927913,-75.53431126959374,0,0
lat_38.93825123927913_lon_-75.53431126959374_hdg_180_pano.jpg,38.93825123927913,-75.53431126959374,180,0
lat_38.93825123927913_lon_-75.53431126959374_hdg_270_pano.jpg,38.93825123927913,-75.53431126959374,270,0
lat_38.93825123927913_lon_-75.53431126959374_hdg_90_pano.jpg,38.93825123927913,-75.53431126959374,90,0
lat_38.93825760325987_lon_-75.4435122609304_hdg_0_pano.jpg,38.93825760325987,-75.4435122609304,0,0
lat_38.93825760325987_lon_-75.4435122609304_hdg_180_pano.jpg,38.93825760325987,-75.4435122609304,180,0
lat_38.93825760325987_lon_-75.4435122609304_hdg_270_pano.jpg,38.93825760325987,-75.4435122609304,270,0
lat_38.93825760325987_lon_-75.4435122609304_hdg_90_pano.jpg,38.93825760325987,-75.4435122609304,90,0
lat_38.93830155173733_lon_-74.89851268267405_hdg_0_pano.jpg,38.93830155173733,-74.89851268267405,0,0
lat_38.93830155173733_lon_-74.89851268267405_hdg_180_pano.jpg,38.93830155173733,-74.89851268267405,180,0
lat_38.93830155173733_lon_-74.89851268267405_hdg_270_pano.jpg,38.93830155173733,-74.89851268267405,270,0
lat_38.93830155173733_lon_-74.89851268267405_hdg_90_pano.jpg,38.93830155173733,-74.89851268267405,90,0
lat_38.93835239650712_lon_-74.92866789062006_hdg_0_pano.jpg,38.93835239650712,-74.92866789062006,0,0
lat_38.93835239650712_lon_-74.92866789062006_hdg_180_pano.jpg,38.93835239650712,-74.92866789062006,180,0
lat_38.93835239650712_lon_-74.92866789062006_hdg_270_pano.jpg,38.93835239650712,-74.92866789062006,270,0
lat_38.93835239650712_lon_-74.92866789062006_hdg_90_pano.jpg,38.93835239650712,-74.92866789062006,90,0
lat_38.93846462303218_lon_-75.42824735853104_hdg_0_pano.jpg,38.93846462303218,-75.42824735853104,0,0
lat_38.93846462303218_lon_-75.42824735853104_hdg_180_pano.jpg,38.93846462303218,-75.42824735853104,180,0
lat_38.93846462303218_lon_-75.42824735853104_hdg_270_pano.jpg,38.93846462303218,-75.42824735853104,270,0
lat_38.93846462303218_lon_-75.42824735853104_hdg_90_pano.jpg,38.93846462303218,-75.42824735853104,90,0
lat_38.93847119688313_lon_-75.31815525075132_hdg_0_pano.jpg,38.93847119688313,-75.31815525075132,0,0
lat_38.93847119688313_lon_-75.31815525075132_hdg_180_pano.jpg,38.93847119688313,-75.31815525075132,180,0
lat_38.93847119688313_lon_-75.31815525075132_hdg_270_pano.jpg,38.93847119688313,-75.31815525075132,270,0
lat_38.93847119688313_lon_-75.31815525075132_hdg_90_pano.jpg,38.93847119688313,-75.31815525075132,90,0
lat_38.938479054525_lon_-75.42347044669033_hdg_0_pano.jpg,38.938479054525,-75.42347044669033,0,0
lat_38.938479054525_lon_-75.42347044669033_hdg_180_pano.jpg,38.938479054525,-75.42347044669033,180,0
lat_38.938479054525_lon_-75.42347044669033_hdg_270_pano.jpg,38.938479054525,-75.42347044669033,270,0
lat_38.938479054525_lon_-75.42347044669033_hdg_90_pano.jpg,38.938479054525,-75.42347044669033,90,0
lat_38.93847943602448_lon_-75.40372902978048_hdg_0_pano.jpg,38.93847943602448,-75.40372902978048,0,0
lat_38.93847943602448_lon_-75.40372902978048_hdg_180_pano.jpg,38.93847943602448,-75.40372902978048,180,0
lat_38.93847943602448_lon_-75.40372902978048_hdg_270_pano.jpg,38.93847943602448,-75.40372902978048,270,0
lat_38.93847943602448_lon_-75.40372902978048_hdg_90_pano.jpg,38.93847943602448,-75.40372902978048,90,0
lat_38.93848037271108_lon_-74.9184932004779_hdg_0_pano.jpg,38.93848037271108,-74.9184932004779,0,0
lat_38.93848037271108_lon_-74.9184932004779_hdg_180_pano.jpg,38.93848037271108,-74.9184932004779,180,0
lat_38.93848037271108_lon_-74.9184932004779_hdg_270_pano.jpg,38.93848037271108,-74.9184932004779,270,0
lat_38.93848037271108_lon_-74.9184932004779_hdg_90_pano.jpg,38.93848037271108,-74.9184932004779,90,0
lat_38.93848150663533_lon_-75.45928550489987_hdg_0_pano.jpg,38.93848150663533,-75.45928550489987,0,0
lat_38.93848150663533_lon_-75.45928550489987_hdg_180_pano.jpg,38.93848150663533,-75.45928550489987,180,0
lat_38.93848150663533_lon_-75.45928550489987_hdg_270_pano.jpg,38.93848150663533,-75.45928550489987,270,0
lat_38.93848150663533_lon_-75.45928550489987_hdg_90_pano.jpg,38.93848150663533,-75.45928550489987,90,0
lat_38.93851856352391_lon_-74.96858707707851_hdg_0_pano.jpg,38.93851856352391,-74.96858707707851,0,0
lat_38.93851856352391_lon_-74.96858707707851_hdg_180_pano.jpg,38.93851856352391,-74.96858707707851,180,0
lat_38.93851856352391_lon_-74.96858707707851_hdg_270_pano.jpg,38.93851856352391,-74.96858707707851,270,0
lat_38.93851856352391_lon_-74.96858707707851_hdg_90_pano.jpg,38.93851856352391,-74.96858707707851,90,0
lat_38.93855863830572_lon_-75.4635841183482_hdg_0_pano.jpg,38.93855863830572,-75.4635841183482,0,0
lat_38.93855863830572_lon_-75.4635841183482_hdg_180_pano.jpg,38.93855863830572,-75.4635841183482,180,0
lat_38.93855863830572_lon_-75.4635841183482_hdg_270_pano.jpg,38.93855863830572,-75.4635841183482,270,0
lat_38.93855863830572_lon_-75.4635841183482_hdg_90_pano.jpg,38.93855863830572,-75.4635841183482,90,0
lat_38.93856965719861_lon_-74.93401432360001_hdg_0_pano.jpg,38.93856965719861,-74.93401432360001,0,0
lat_38.93856965719861_lon_-74.93401432360001_hdg_180_pano.jpg,38.93856965719861,-74.93401432360001,180,0
lat_38.93856965719861_lon_-74.93401432360001_hdg_270_pano.jpg,38.93856965719861,-74.93401432360001,270,0
lat_38.93856965719861_lon_-74.93401432360001_hdg_90_pano.jpg,38.93856965719861,-74.93401432360001,90,0
lat_38.93858037664572_lon_-74.96413612404353_hdg_0_pano.jpg,38.93858037664572,-74.96413612404353,0,0
lat_38.93858037664572_lon_-74.96413612404353_hdg_180_pano.jpg,38.93858037664572,-74.96413612404353,180,0
lat_38.93858037664572_lon_-74.96413612404353_hdg_270_pano.jpg,38.93858037664572,-74.96413612404353,270,0
lat_38.93858037664572_lon_-74.96413612404353_hdg_90_pano.jpg,38.93858037664572,-74.96413612404353,90,0
lat_38.93860308405789_lon_-74.9086925413917_hdg_0_pano.jpg,38.93860308405789,-74.9086925413917,0,0
lat_38.93860308405789_lon_-74.9086925413917_hdg_180_pano.jpg,38.93860308405789,-74.9086925413917,180,0
lat_38.93860308405789_lon_-74.9086925413917_hdg_270_pano.jpg,38.93860308405789,-74.9086925413917,270,0
lat_38.93860308405789_lon_-74.9086925413917_hdg_90_pano.jpg,38.93860308405789,-74.9086925413917,90,0
lat_38.93860412145298_lon_-74.9139209885707_hdg_0_pano.jpg,38.93860412145298,-74.9139209885707,0,0
lat_38.93860412145298_lon_-74.9139209885707_hdg_180_pano.jpg,38.93860412145298,-74.9139209885707,180,0
lat_38.93860412145298_lon_-74.9139209885707_hdg_270_pano.jpg,38.93860412145298,-74.9139209885707,270,0
lat_38.93860412145298_lon_-74.9139209885707_hdg_90_pano.jpg,38.93860412145298,-74.9139209885707,90,0
lat_38.93861219083728_lon_-74.95866556394152_hdg_0_pano.jpg,38.93861219083728,-74.95866556394152,0,0
lat_38.93861219083728_lon_-74.95866556394152_hdg_180_pano.jpg,38.93861219083728,-74.95866556394152,180,0
lat_38.93861219083728_lon_-74.95866556394152_hdg_270_pano.jpg,38.93861219083728,-74.95866556394152,270,0
lat_38.93861219083728_lon_-74.95866556394152_hdg_90_pano.jpg,38.93861219083728,-74.95866556394152,90,0
lat_38.93861487286016_lon_-75.53806123319146_hdg_0_pano.jpg,38.93861487286016,-75.53806123319146,0,0
lat_38.93861487286016_lon_-75.53806123319146_hdg_180_pano.jpg,38.93861487286016,-75.53806123319146,180,0
lat_38.93861487286016_lon_-75.53806123319146_hdg_270_pano.jpg,38.93861487286016,-75.53806123319146,270,0
lat_38.93861487286016_lon_-75.53806123319146_hdg_90_pano.jpg,38.93861487286016,-75.53806123319146,90,0
lat_38.93865949337715_lon_-74.90323385784588_hdg_0_pano.jpg,38.93865949337715,-74.90323385784588,0,0
lat_38.93865949337715_lon_-74.90323385784588_hdg_180_pano.jpg,38.93865949337715,-74.90323385784588,180,0
lat_38.93865949337715_lon_-74.90323385784588_hdg_270_pano.jpg,38.93865949337715,-74.90323385784588,270,0
lat_38.93865949337715_lon_-74.90323385784588_hdg_90_pano.jpg,38.93865949337715,-74.90323385784588,90,0
lat_38.93868714419907_lon_-75.49893913048912_hdg_0_pano.jpg,38.93868714419907,-75.49893913048912,0,0
lat_38.93868714419907_lon_-75.49893913048912_hdg_180_pano.jpg,38.93868714419907,-75.49893913048912,180,0
lat_38.93868714419907_lon_-75.49893913048912_hdg_270_pano.jpg,38.93868714419907,-75.49893913048912,270,0
lat_38.93868714419907_lon_-75.49893913048912_hdg_90_pano.jpg,38.93868714419907,-75.49893913048912,90,0
lat_38.93890665302533_lon_-74.89373338243519_hdg_0_pano.jpg,38.93890665302533,-74.89373338243519,0,0
lat_38.93890665302533_lon_-74.89373338243519_hdg_180_pano.jpg,38.93890665302533,-74.89373338243519,180,0
lat_38.93890665302533_lon_-74.89373338243519_hdg_270_pano.jpg,38.93890665302533,-74.89373338243519,270,0
lat_38.93890665302533_lon_-74.89373338243519_hdg_90_pano.jpg,38.93890665302533,-74.89373338243519,90,0
lat_38.93895707452983_lon_-75.47819348742071_hdg_0_pano.jpg,38.93895707452983,-75.47819348742071,0,0
lat_38.93895707452983_lon_-75.47819348742071_hdg_180_pano.jpg,38.93895707452983,-75.47819348742071,180,0
lat_38.93895707452983_lon_-75.47819348742071_hdg_270_pano.jpg,38.93895707452983,-75.47819348742071,270,0
lat_38.93895707452983_lon_-75.47819348742071_hdg_90_pano.jpg,38.93895707452983,-75.47819348742071,90,0
lat_38.93898798683321_lon_-75.50331143081877_hdg_0_pano.jpg,38.93898798683321,-75.50331143081877,0,0
lat_38.93898798683321_lon_-75.50331143081877_hdg_180_pano.jpg,38.93898798683321,-75.50331143081877,180,0
lat_38.93898798683321_lon_-75.50331143081877_hdg_270_pano.jpg,38.93898798683321,-75.50331143081877,270,0
lat_38.93898798683321_lon_-75.50331143081877_hdg_90_pano.jpg,38.93898798683321,-75.50331143081877,90,0
lat_38.94314053595512_lon_-74.93891927316885_hdg_0_pano.jpg,38.94314053595512,-74.93891927316885,0,0
lat_38.94314053595512_lon_-74.93891927316885_hdg_180_pano.jpg,38.94314053595512,-74.93891927316885,180,0
lat_38.94314053595512_lon_-74.93891927316885_hdg_270_pano.jpg,38.94314053595512,-74.93891927316885,270,0
lat_38.94314053595512_lon_-74.93891927316885_hdg_90_pano.jpg,38.94314053595512,-74.93891927316885,90,0
lat_38.94320560521921_lon_-75.48396640911987_hdg_0_pano.jpg,38.94320560521921,-75.48396640911987,0,0
lat_38.94320560521921_lon_-75.48396640911987_hdg_180_pano.jpg,38.94320560521921,-75.48396640911987,180,0
lat_38.94320560521921_lon_-75.48396640911987_hdg_270_pano.jpg,38.94320560521921,-75.48396640911987,270,0
lat_38.94320560521921_lon_-75.48396640911987_hdg_90_pano.jpg,38.94320560521921,-75.48396640911987,90,0
lat_38.94329922095974_lon_-75.41870120836063_hdg_0_pano.jpg,38.94329922095974,-75.41870120836063,0,0
lat_38.94329922095974_lon_-75.41870120836063_hdg_180_pano.jpg,38.94329922095974,-75.41870120836063,180,0
lat_38.94329922095974_lon_-75.41870120836063_hdg_270_pano.jpg,38.94329922095974,-75.41870120836063,270,0
lat_38.94329922095974_lon_-75.41870120836063_hdg_90_pano.jpg,38.94329922095974,-75.41870120836063,90,0
lat_38.94349956101674_lon_-75.42855116735649_hdg_0_pano.jpg,38.94349956101674,-75.42855116735649,0,0
lat_38.94349956101674_lon_-75.42855116735649_hdg_180_pano.jpg,38.94349956101674,-75.42855116735649,180,0
lat_38.94349956101674_lon_-75.42855116735649_hdg_270_pano.jpg,38.94349956101674,-75.42855116735649,270,0
lat_38.94349956101674_lon_-75.42855116735649_hdg_90_pano.jpg,38.94349956101674,-75.42855116735649,90,0
lat_38.94351675233525_lon_-75.53909201900727_hdg_0_pano.jpg,38.94351675233525,-75.53909201900727,0,0
lat_38.94351675233525_lon_-75.53909201900727_hdg_180_pano.jpg,38.94351675233525,-75.53909201900727,180,0
lat_38.94351675233525_lon_-75.53909201900727_hdg_270_pano.jpg,38.94351675233525,-75.53909201900727,270,0
lat_38.94351675233525_lon_-75.53909201900727_hdg_90_pano.jpg,38.94351675233525,-75.53909201900727,90,0
lat_38.94352232511197_lon_-75.56387429788528_hdg_0_pano.jpg,38.94352232511197,-75.56387429788528,0,0
lat_38.94352232511197_lon_-75.56387429788528_hdg_180_pano.jpg,38.94352232511197,-75.56387429788528,180,0
lat_38.94352232511197_lon_-75.56387429788528_hdg_270_pano.jpg,38.94352232511197,-75.56387429788528,270,0
lat_38.94352232511197_lon_-75.56387429788528_hdg_90_pano.jpg,38.94352232511197,-75.56387429788528,90,0
lat_38.9435323271754_lon_-74.90852153377092_hdg_0_pano.jpg,38.9435323271754,-74.90852153377092,0,0
lat_38.9435323271754_lon_-74.90852153377092_hdg_180_pano.jpg,38.9435323271754,-74.90852153377092,180,0
lat_38.9435323271754_lon_-74.90852153377092_hdg_270_pano.jpg,38.9435323271754,-74.90852153377092,270,0
lat_38.9435323271754_lon_-74.90852153377092_hdg_90_pano.jpg,38.9435323271754,-74.90852153377092,90,0
lat_38.94355319254363_lon_-75.45366337850199_hdg_0_pano.jpg,38.94355319254363,-75.45366337850199,0,0
lat_38.94355319254363_lon_-75.45366337850199_hdg_180_pano.jpg,38.94355319254363,-75.45366337850199,180,0
lat_38.94355319254363_lon_-75.45366337850199_hdg_270_pano.jpg,38.94355319254363,-75.45366337850199,270,0
lat_38.94355319254363_lon_-75.45366337850199_hdg_90_pano.jpg,38.94355319254363,-75.45366337850199,90,0
lat_38.94362915058736_lon_-74.9033658867893_hdg_0_pano.jpg,38.94362915058736,-74.9033658867893,0,0
lat_38.94362915058736_lon_-74.9033658867893_hdg_180_pano.jpg,38.94362915058736,-74.9033658867893,180,0
lat_38.94362915058736_lon_-74.9033658867893_hdg_270_pano.jpg,38.94362915058736,-74.9033658867893,270,0
lat_38.94362915058736_lon_-74.9033658867893_hdg_90_pano.jpg,38.94362915058736,-74.9033658867893,90,0
lat_38.94366090257785_lon_-75.51862129168791_hdg_0_pano.jpg,38.94366090257785,-75.51862129168791,0,0
lat_38.94366090257785_lon_-75.51862129168791_hdg_180_pano.jpg,38.94366090257785,-75.51862129168791,180,0
lat_38.94366090257785_lon_-75.51862129168791_hdg_270_pano.jpg,38.94366090257785,-75.51862129168791,270,0
lat_38.94366090257785_lon_-75.51862129168791_hdg_90_pano.jpg,38.94366090257785,-75.51862129168791,90,0
lat_38.94367125152756_lon_-74.92909192261892_hdg_0_pano.jpg,38.94367125152756,-74.92909192261892,0,0
lat_38.94367125152756_lon_-74.92909192261892_hdg_180_pano.jpg,38.94367125152756,-74.92909192261892,180,0
lat_38.94367125152756_lon_-74.92909192261892_hdg_270_pano.jpg,38.94367125152756,-74.92909192261892,270,0
lat_38.94367125152756_lon_-74.92909192261892_hdg_90_pano.jpg,38.94367125152756,-74.92909192261892,90,0
lat_38.94367319309071_lon_-74.91388923231564_hdg_0_pano.jpg,38.94367319309071,-74.91388923231564,0,0
lat_38.94367319309071_lon_-74.91388923231564_hdg_180_pano.jpg,38.94367319309071,-74.91388923231564,180,0
lat_38.94367319309071_lon_-74.91388923231564_hdg_270_pano.jpg,38.94367319309071,-74.91388923231564,270,0
lat_38.94367319309071_lon_-74.91388923231564_hdg_90_pano.jpg,38.94367319309071,-74.91388923231564,90,0
lat_38.94369419302586_lon_-75.45865836532813_hdg_0_pano.jpg,38.94369419302586,-75.45865836532813,0,0
lat_38.94369419302586_lon_-75.45865836532813_hdg_180_pano.jpg,38.94369419302586,-75.45865836532813,180,0
lat_38.94369419302586_lon_-75.45865836532813_hdg_270_pano.jpg,38.94369419302586,-75.45865836532813,270,0
lat_38.94369419302586_lon_-75.45865836532813_hdg_90_pano.jpg,38.94369419302586,-75.45865836532813,90,0
lat_38.94394179765572_lon_-75.51360013853238_hdg_0_pano.jpg,38.94394179765572,-75.51360013853238,0,0
lat_38.94394179765572_lon_-75.51360013853238_hdg_180_pano.jpg,38.94394179765572,-75.51360013853238,180,0
lat_38.94394179765572_lon_-75.51360013853238_hdg_270_pano.jpg,38.94394179765572,-75.51360013853238,270,0
lat_38.94394179765572_lon_-75.51360013853238_hdg_90_pano.jpg,38.94394179765572,-75.51360013853238,90,0
lat_38.94425393118325_lon_-75.42345542024286_hdg_0_pano.jpg,38.94425393118325,-75.42345542024286,0,0
lat_38.94425393118325_lon_-75.42345542024286_hdg_180_pano.jpg,38.94425393118325,-75.42345542024286,180,0
lat_38.94425393118325_lon_-75.42345542024286_hdg_270_pano.jpg,38.94425393118325,-75.42345542024286,270,0
lat_38.94425393118325_lon_-75.42345542024286_hdg_90_pano.jpg,38.94425393118325,-75.42345542024286,90,0
lat_38.94816881100573_lon_-74.90827594974417_hdg_0_pano.jpg,38.94816881100573,-74.90827594974417,0,0
lat_38.94816881100573_lon_-74.90827594974417_hdg_180_pano.jpg,38.94816881100573,-74.90827594974417,180,0
lat_38.94816881100573_lon_-74.90827594974417_hdg_270_pano.jpg,38.94816881100573,-74.90827594974417,270,0
lat_38.94816881100573_lon_-74.90827594974417_hdg_90_pano.jpg,38.94816881100573,-74.90827594974417,90,0
lat_38.94831488244751_lon_-75.47816273440876_hdg_0_pano.jpg,38.94831488244751,-75.47816273440876,0,0
lat_38.94831488244751_lon_-75.47816273440876_hdg_180_pano.jpg,38.94831488244751,-75.47816273440876,180,0
lat_38.94831488244751_lon_-75.47816273440876_hdg_270_pano.jpg,38.94831488244751,-75.47816273440876,270,0
lat_38.94831488244751_lon_-75.47816273440876_hdg_90_pano.jpg,38.94831488244751,-75.47816273440876,90,0
lat_38.94840718409812_lon_-75.44344353961861_hdg_0_pano.jpg,38.94840718409812,-75.44344353961861,0,0
lat_38.94840718409812_lon_-75.44344353961861_hdg_180_pano.jpg,38.94840718409812,-75.44344353961861,180,0
lat_38.94840718409812_lon_-75.44344353961861_hdg_270_pano.jpg,38.94840718409812,-75.44344353961861,270,0
lat_38.94840718409812_lon_-75.44344353961861_hdg_90_pano.jpg,38.94840718409812,-75.44344353961861,90,0
lat_38.94843034380316_lon_-74.93368966449174_hdg_0_pano.jpg,38.94843034380316,-74.93368966449174,0,0
lat_38.94843034380316_lon_-74.93368966449174_hdg_180_pano.jpg,38.94843034380316,-74.93368966449174,180,0
lat_38.94843034380316_lon_-74.93368966449174_hdg_270_pano.jpg,38.94843034380316,-74.93368966449174,270,0
lat_38.94843034380316_lon_-74.93368966449174_hdg_90_pano.jpg,38.94843034380316,-74.93368966449174,90,0
lat_38.9484326293768_lon_-74.93828781178476_hdg_0_pano.jpg,38.9484326293768,-74.93828781178476,0,0
lat_38.9484326293768_lon_-74.93828781178476_hdg_180_pano.jpg,38.9484326293768,-74.93828781178476,180,0
lat_38.9484326293768_lon_-74.93828781178476_hdg_270_pano.jpg,38.9484326293768,-74.93828781178476,270,0
lat_38.9484326293768_lon_-74.93828781178476_hdg_90_pano.jpg,38.9484326293768,-74.93828781178476,90,0
lat_38.9484427344746_lon_-75.5388151770454_hdg_0_pano.jpg,38.9484427344746,-75.5388151770454,0,0
lat_38.9484427344746_lon_-75.5388151770454_hdg_180_pano.jpg,38.9484427344746,-75.5388151770454,180,0
lat_38.9484427344746_lon_-75.5388151770454_hdg_270_pano.jpg,38.9484427344746,-75.5388151770454,270,0
lat_38.9484427344746_lon_-75.5388151770454_hdg_90_pano.jpg,38.9484427344746,-75.5388151770454,90,0
lat_38.94849964387972_lon_-75.56378200311936_hdg_0_pano.jpg,38.94849964387972,-75.56378200311936,0,0
lat_38.94849964387972_lon_-75.56378200311936_hdg_180_pano.jpg,38.94849964387972,-75.56378200311936,180,0
lat_38.94849964387972_lon_-75.56378200311936_hdg_270_pano.jpg,38.94849964387972,-75.56378200311936,270,0
lat_38.94849964387972_lon_-75.56378200311936_hdg_90_pano.jpg,38.94849964387972,-75.56378200311936,90,0
lat_38.94863469508392_lon_-75.4284321156245_hdg_0_pano.jpg,38.94863469508392,-75.4284321156245,0,0
lat_38.94863469508392_lon_-75.4284321156245_hdg_180_pano.jpg,38.94863469508392,-75.4284321156245,180,0
lat_38.94863469508392_lon_-75.4284321156245_hdg_270_pano.jpg,38.94863469508392,-75.4284321156245,270,0
lat_38.94863469508392_lon_-75.4284321156245_hdg_90_pano.jpg,38.94863469508392,-75.4284321156245,90,0
lat_38.94875717984358_lon_-74.92875057427052_hdg_0_pano.jpg,38.94875717984358,-74.92875057427052,0,0
lat_38.94875717984358_lon_-74.92875057427052_hdg_180_pano.jpg,38.94875717984358,-74.92875057427052,180,0
lat_38.94875717984358_lon_-74.92875057427052_hdg_270_pano.jpg,38.94875717984358,-74.92875057427052,270,0
lat_38.94875717984358_lon_-74.92875057427052_hdg_90_pano.jpg,38.94875717984358,-74.92875057427052,90,0
lat_38.94878681796136_lon_-75.4192584482537_hdg_0_pano.jpg,38.94878681796136,-75.4192584482537,0,0
lat_38.94878681796136_lon_-75.4192584482537_hdg_180_pano.jpg,38.94878681796136,-75.4192584482537,180,0
lat_38.94878681796136_lon_-75.4192584482537_hdg_270_pano.jpg,38.94878681796136,-75.4192584482537,270,0
lat_38.94878681796136_lon_-75.4192584482537_hdg_90_pano.jpg,38.94878681796136,-75.4192584482537,90,0
lat_38.94887839785165_lon_-75.46805380616374_hdg_0_pano.jpg,38.94887839785165,-75.46805380616374,0,0
lat_38.94887839785165_lon_-75.46805380616374_hdg_180_pano.jpg,38.94887839785165,-75.46805380616374,180,0
lat_38.94887839785165_lon_-75.46805380616374_hdg_270_pano.jpg,38.94887839785165,-75.46805380616374,270,0
lat_38.94887839785165_lon_-75.46805380616374_hdg_90_pano.jpg,38.94887839785165,-75.46805380616374,90,0
lat_38.95289052344974_lon_-74.90847389781344_hdg_0_pano.jpg,38.95289052344974,-74.90847389781344,0,0
lat_38.95289052344974_lon_-74.90847389781344_hdg_180_pano.jpg,38.95289052344974,-74.90847389781344,180,0
lat_38.95289052344974_lon_-74.90847389781344_hdg_270_pano.jpg,38.95289052344974,-74.90847389781344,270,0
lat_38.95289052344974_lon_-74.90847389781344_hdg_90_pano.jpg,38.95289052344974,-74.90847389781344,90,0
lat_38.95328067016043_lon_-75.56353629800445_hdg_0_pano.jpg,38.95328067016043,-75.56353629800445,0,0
lat_38.95328067016043_lon_-75.56353629800445_hdg_180_pano.jpg,38.95328067016043,-75.56353629800445,180,0
lat_38.95328067016043_lon_-75.56353629800445_hdg_270_pano.jpg,38.95328067016043,-75.56353629800445,270,0
lat_38.95328067016043_lon_-75.56353629800445_hdg_90_pano.jpg,38.95328067016043,-75.56353629800445,90,0
lat_38.95342372732834_lon_-75.53921027194714_hdg_0_pano.jpg,38.95342372732834,-75.53921027194714,0,0
lat_38.95342372732834_lon_-75.53921027194714_hdg_180_pano.jpg,38.95342372732834,-75.53921027194714,180,0
lat_38.95342372732834_lon_-75.53921027194714_hdg_270_pano.jpg,38.95342372732834,-75.53921027194714,270,0
lat_38.95342372732834_lon_-75.53921027194714_hdg_90_pano.jpg,38.95342372732834,-75.53921027194714,90,0
lat_38.95343962102372_lon_-75.50804021373659_hdg_0_pano.jpg,38.95343962102372,-75.50804021373659,0,0
lat_38.95343962102372_lon_-75.50804021373659_hdg_180_pano.jpg,38.95343962102372,-75.50804021373659,180,0
lat_38.95343962102372_lon_-75.50804021373659_hdg_270_pano.jpg,38.95343962102372,-75.50804021373659,270,0
lat_38.95343962102372_lon_-75.50804021373659_hdg_90_pano.jpg,38.95343962102372,-75.50804021373659,90,0
lat_38.95346706447236_lon_-75.46356580696758_hdg_0_pano.jpg,38.95346706447236,-75.46356580696758,0,0
lat_38.95346706447236_lon_-75.46356580696758_hdg_180_pano.jpg,38.95346706447236,-75.46356580696758,180,0
lat_38.95346706447236_lon_-75.46356580696758_hdg_270_pano.jpg,38.95346706447236,-75.46356580696758,270,0
lat_38.95346706447236_lon_-75.46356580696758_hdg_90_pano.jpg,38.95346706447236,-75.46356580696758,90,0
lat_38.95349029396486_lon_-75.43354805455148_hdg_0_pano.jpg,38.95349029396486,-75.43354805455148,0,0
lat_38.95349029396486_lon_-75.43354805455148_hdg_180_pano.jpg,38.95349029396486,-75.43354805455148,180,0
lat_38.95349029396486_lon_-75.43354805455148_hdg_270_pano.jpg,38.95349029396486,-75.43354805455148,270,0
lat_38.95349029396486_lon_-75.43354805455148_hdg_90_pano.jpg,38.95349029396486,-75.43354805455148,90,0
lat_38.95352413363954_lon_-74.92357647713715_hdg_0_pano.jpg,38.95352413363954,-74.92357647713715,0,0
lat_38.95352413363954_lon_-74.92357647713715_hdg_180_pano.jpg,38.95352413363954,-74.92357647713715,180,0
lat_38.95352413363954_lon_-74.92357647713715_hdg_270_pano.jpg,38.95352413363954,-74.92357647713715,270,0
lat_38.95352413363954_lon_-74.92357647713715_hdg_90_pano.jpg,38.95352413363954,-74.92357647713715,90,0
lat_38.95352757397776_lon_-75.52348642463399_hdg_0_pano.jpg,38.95352757397776,-75.52348642463399,0,0
lat_38.95352757397776_lon_-75.52348642463399_hdg_180_pano.jpg,38.95352757397776,-75.52348642463399,180,0
lat_38.95352757397776_lon_-75.52348642463399_hdg_270_pano.jpg,38.95352757397776,-75.52348642463399,270,0
lat_38.95352757397776_lon_-75.52348642463399_hdg_90_pano.jpg,38.95352757397776,-75.52348642463399,90,0
lat_38.95352973575957_lon_-74.93358299064354_hdg_0_pano.jpg,38.95352973575957,-74.93358299064354,0,0
lat_38.95352973575957_lon_-74.93358299064354_hdg_180_pano.jpg,38.95352973575957,-74.93358299064354,180,0
lat_38.95352973575957_lon_-74.93358299064354_hdg_270_pano.jpg,38.95352973575957,-74.93358299064354,270,0
lat_38.95352973575957_lon_-74.93358299064354_hdg_90_pano.jpg,38.95352973575957,-74.93358299064354,90,0
lat_38.95353551360496_lon_-75.42863340990958_hdg_0_pano.jpg,38.95353551360496,-75.42863340990958,0,0
lat_38.95353551360496_lon_-75.42863340990958_hdg_180_pano.jpg,38.95353551360496,-75.42863340990958,180,0
lat_38.95353551360496_lon_-75.42863340990958_hdg_270_pano.jpg,38.95353551360496,-75.42863340990958,270,0
lat_38.95353551360496_lon_-75.42863340990958_hdg_90_pano.jpg,38.95353551360496,-75.42863340990958,90,0
lat_38.95354680022969_lon_-75.55854624612911_hdg_0_pano.jpg,38.95354680022969,-75.55854624612911,0,0
lat_38.95354680022969_lon_-75.55854624612911_hdg_180_pano.jpg,38.95354680022969,-75.55854624612911,180,0
lat_38.95354680022969_lon_-75.55854624612911_hdg_270_pano.jpg,38.95354680022969,-75.55854624612911,270,0
lat_38.95354680022969_lon_-75.55854624612911_hdg_90_pano.jpg,38.95354680022969,-75.55854624612911,90,0
lat_38.953611742939_lon_-75.42400926387758_hdg_0_pano.jpg,38.953611742939,-75.42400926387758,0,0
lat_38.953611742939_lon_-75.42400926387758_hdg_180_pano.jpg,38.953611742939,-75.42400926387758,180,0
lat_38.953611742939_lon_-75.42400926387758_hdg_270_pano.jpg,38.953611742939,-75.42400926387758,270,0
lat_38.953611742939_lon_-75.42400926387758_hdg_90_pano.jpg,38.953611742939,-75.42400926387758,90,0
lat_38.9538070253955_lon_-75.55366111953357_hdg_0_pano.jpg,38.9538070253955,-75.55366111953357,0,0
lat_38.9538070253955_lon_-75.55366111953357_hdg_180_pano.jpg,38.9538070253955,-75.55366111953357,180,0
lat_38.9538070253955_lon_-75.55366111953357_hdg_270_pano.jpg,38.9538070253955,-75.55366111953357,270,0
lat_38.9538070253955_lon_-75.55366111953357_hdg_90_pano.jpg,38.9538070253955,-75.55366111953357,90,0
lat_38.95828097893874_lon_-74.908732594794_hdg_0_pano.jpg,38.95828097893874,-74.908732594794,0,0
lat_38.95828097893874_lon_-74.908732594794_hdg_180_pano.jpg,38.95828097893874,-74.908732594794,180,0
lat_38.95828097893874_lon_-74.908732594794_hdg_270_pano.jpg,38.95828097893874,-74.908732594794,270,0
lat_38.95828097893874_lon_-74.908732594794_hdg_90_pano.jpg,38.95828097893874,-74.908732594794,90,0
lat_38.95834601888745_lon_-75.47874170768344_hdg_0_pano.jpg,38.95834601888745,-75.47874170768344,0,0
lat_38.95834601888745_lon_-75.47874170768344_hdg_180_pano.jpg,38.95834601888745,-75.47874170768344,180,0
lat_38.95834601888745_lon_-75.47874170768344_hdg_270_pano.jpg,38.95834601888745,-75.47874170768344,270,0
lat_38.95834601888745_lon_-75.47874170768344_hdg_90_pano.jpg,38.95834601888745,-75.47874170768344,90,0
lat_38.95834833329887_lon_-75.47324332665774_hdg_0_pano.jpg,38.95834833329887,-75.47324332665774,0,0
lat_38.95834833329887_lon_-75.47324332665774_hdg_180_pano.jpg,38.95834833329887,-75.47324332665774,180,0
lat_38.95834833329887_lon_-75.47324332665774_hdg_270_pano.jpg,38.95834833329887,-75.47324332665774,270,0
lat_38.95834833329887_lon_-75.47324332665774_hdg_90_pano.jpg,38.95834833329887,-75.47324332665774,90,0
lat_38.95845572551914_lon_-74.9386671348562_hdg_0_pano.jpg,38.95845572551914,-74.9386671348562,0,0
lat_38.95845572551914_lon_-74.9386671348562_hdg_180_pano.jpg,38.95845572551914,-74.9386671348562,180,0
lat_38.95845572551914_lon_-74.9386671348562_hdg_270_pano.jpg,38.95845572551914,-74.9386671348562,270,0
lat_38.95845572551914_lon_-74.9386671348562_hdg_90_pano.jpg,38.95845572551914,-74.9386671348562,90,0
lat_38.95846026596863_lon_-74.92358281017249_hdg_0_pano.jpg,38.95846026596863,-74.92358281017249,0,0
lat_38.95846026596863_lon_-74.92358281017249_hdg_180_pano.jpg,38.95846026596863,-74.92358281017249,180,0
lat_38.95846026596863_lon_-74.92358281017249_hdg_270_pano.jpg,38.95846026596863,-74.92358281017249,270,0
lat_38.95846026596863_lon_-74.92358281017249_hdg_90_pano.jpg,38.95846026596863,-74.92358281017249,90,0
lat_38.95846247376025_lon_-74.85358041541404_hdg_0_pano.jpg,38.95846247376025,-74.85358041541404,0,0
lat_38.95846247376025_lon_-74.85358041541404_hdg_180_pano.jpg,38.95846247376025,-74.85358041541404,180,0
lat_38.95846247376025_lon_-74.85358041541404_hdg_270_pano.jpg,38.95846247376025,-74.85358041541404,270,0
lat_38.95846247376025_lon_-74.85358041541404_hdg_90_pano.jpg,38.95846247376025,-74.85358041541404,90,0
lat_38.95849000794256_lon_-75.42861456080948_hdg_0_pano.jpg,38.95849000794256,-75.42861456080948,0,0
lat_38.95849000794256_lon_-75.42861456080948_hdg_180_pano.jpg,38.95849000794256,-75.42861456080948,180,0
lat_38.95849000794256_lon_-75.42861456080948_hdg_270_pano.jpg,38.95849000794256,-75.42861456080948,270,0
lat_38.95849000794256_lon_-75.42861456080948_hdg_90_pano.jpg,38.95849000794256,-75.42861456080948,90,0
lat_38.9585220342837_lon_-74.9327378922631_hdg_0_pano.jpg,38.9585220342837,-74.9327378922631,0,0
lat_38.9585220342837_lon_-74.9327378922631_hdg_180_pano.jpg,38.9585220342837,-74.9327378922631,180,0
lat_38.9585220342837_lon_-74.9327378922631_hdg_270_pano.jpg,38.9585220342837,-74.9327378922631,270,0
lat_38.9585220342837_lon_-74.9327378922631_hdg_90_pano.jpg,38.9585220342837,-74.9327378922631,90,0
lat_38.95858760519486_lon_-75.50834670457293_hdg_0_pano.jpg,38.95858760519486,-75.50834670457293,0,0
lat_38.95858760519486_lon_-75.50834670457293_hdg_180_pano.jpg,38.95858760519486,-75.50834670457293,180,0
lat_38.95858760519486_lon_-75.50834670457293_hdg_270_pano.jpg,38.95858760519486,-75.50834670457293,270,0
lat_38.95858760519486_lon_-75.50834670457293_hdg_90_pano.jpg,38.95858760519486,-75.50834670457293,90,0
lat_38.95864390710981_lon_-74.90407777074454_hdg_0_pano.jpg,38.95864390710981,-74.90407777074454,0,0
lat_38.95864390710981_lon_-74.90407777074454_hdg_180_pano.jpg,38.95864390710981,-74.90407777074454,180,0
lat_38.95864390710981_lon_-74.90407777074454_hdg_270_pano.jpg,38.95864390710981,-74.90407777074454,270,0
lat_38.95864390710981_lon_-74.90407777074454_hdg_90_pano.jpg,38.95864390710981,-74.90407777074454,90,0
lat_38.95869269842785_lon_-74.84891109007961_hdg_0_pano.jpg,38.95869269842785,-74.84891109007961,0,0
lat_38.95869269842785_lon_-74.84891109007961_hdg_180_pano.jpg,38.95869269842785,-74.84891109007961,180,0
lat_38.95869269842785_lon_-74.84891109007961_hdg_270_pano.jpg,38.95869269842785,-74.84891109007961,270,0
lat_38.95869269842785_lon_-74.84891109007961_hdg_90_pano.jpg,38.95869269842785,-74.84891109007961,90,0
lat_38.95904702502298_lon_-75.49891575788905_hdg_0_pano.jpg,38.95904702502298,-75.49891575788905,0,0
lat_38.95904702502298_lon_-75.49891575788905_hdg_180_pano.jpg,38.95904702502298,-75.49891575788905,180,0
lat_38.95904702502298_lon_-75.49891575788905_hdg_270_pano.jpg,38.95904702502298,-75.49891575788905,270,0
lat_38.95904702502298_lon_-75.49891575788905_hdg_90_pano.jpg,38.95904702502298,-75.49891575788905,90,0
lat_38.96311423644894_lon_-74.92880953205825_hdg_0_pano.jpg,38.96311423644894,-74.92880953205825,0,0
lat_38.96311423644894_lon_-74.92880953205825_hdg_180_pano.jpg,38.96311423644894,-74.92880953205825,180,0
lat_38.96311423644894_lon_-74.92880953205825_hdg_270_pano.jpg,38.96311423644894,-74.92880953205825,270,0
lat_38.96311423644894_lon_-74.92880953205825_hdg_90_pano.jpg,38.96311423644894,-74.92880953205825,90,0
lat_38.96318894759757_lon_-75.51855091656321_hdg_0_pano.jpg,38.96318894759757,-75.51855091656321,0,0
lat_38.96318894759757_lon_-75.51855091656321_hdg_180_pano.jpg,38.96318894759757,-75.51855091656321,180,0
lat_38.96318894759757_lon_-75.51855091656321_hdg_270_pano.jpg,38.96318894759757,-75.51855091656321,270,0
lat_38.96318894759757_lon_-75.51855091656321_hdg_90_pano.jpg,38.96318894759757,-75.51855091656321,90,0
lat_38.96335729391356_lon_-75.52847810081809_hdg_0_pano.jpg,38.96335729391356,-75.52847810081809,0,0
lat_38.96335729391356_lon_-75.52847810081809_hdg_180_pano.jpg,38.96335729391356,-75.52847810081809,180,0
lat_38.96335729391356_lon_-75.52847810081809_hdg_270_pano.jpg,38.96335729391356,-75.52847810081809,270,0
lat_38.96335729391356_lon_-75.52847810081809_hdg_90_pano.jpg,38.96335729391356,-75.52847810081809,90,0
lat_38.96340809139161_lon_-75.4333016904312_hdg_0_pano.jpg,38.96340809139161,-75.4333016904312,0,0
lat_38.96340809139161_lon_-75.4333016904312_hdg_180_pano.jpg,38.96340809139161,-75.4333016904312,180,0
lat_38.96340809139161_lon_-75.4333016904312_hdg_270_pano.jpg,38.96340809139161,-75.4333016904312,270,0
lat_38.96340809139161_lon_-75.4333016904312_hdg_90_pano.jpg,38.96340809139161,-75.4333016904312,90,0
lat_38.96344494042353_lon_-74.93377760792946_hdg_0_pano.jpg,38.96344494042353,-74.93377760792946,0,0
lat_38.96344494042353_lon_-74.93377760792946_hdg_180_pano.jpg,38.96344494042353,-74.93377760792946,180,0
lat_38.96344494042353_lon_-74.93377760792946_hdg_270_pano.jpg,38.96344494042353,-74.93377760792946,270,0
lat_38.96344494042353_lon_-74.93377760792946_hdg_90_pano.jpg,38.96344494042353,-74.93377760792946,90,0
lat_38.96350742336271_lon_-74.9390441381243_hdg_0_pano.jpg,38.96350742336271,-74.9390441381243,0,0
lat_38.96350742336271_lon_-74.9390441381243_hdg_180_pano.jpg,38.96350742336271,-74.9390441381243,180,0
lat_38.96350742336271_lon_-74.9390441381243_hdg_270_pano.jpg,38.96350742336271,-74.9390441381243,270,0
lat_38.96350742336271_lon_-74.9390441381243_hdg_90_pano.jpg,38.96350742336271,-74.9390441381243,90,0
lat_38.96352731197279_lon_-75.46859139706073_hdg_0_pano.jpg,38.96352731197279,-75.46859139706073,0,0
lat_38.96352731197279_lon_-75.46859139706073_hdg_180_pano.jpg,38.96352731197279,-75.46859139706073,180,0
lat_38.96352731197279_lon_-75.46859139706073_hdg_270_pano.jpg,38.96352731197279,-75.46859139706073,270,0
lat_38.96352731197279_lon_-75.46859139706073_hdg_90_pano.jpg,38.96352731197279,-75.46859139706073,90,0
lat_38.96354722174405_lon_-74.85351723650854_hdg_0_pano.jpg,38.96354722174405,-74.85351723650854,0,0
lat_38.96354722174405_lon_-74.85351723650854_hdg_180_pano.jpg,38.96354722174405,-74.85351723650854,180,0
lat_38.96354722174405_lon_-74.85351723650854_hdg_270_pano.jpg,38.96354722174405,-74.85351723650854,270,0
lat_38.96354722174405_lon_-74.85351723650854_hdg_90_pano.jpg,38.96354722174405,-74.85351723650854,90,0
lat_38.96354788540056_lon_-74.9084997675299_hdg_0_pano.jpg,38.96354788540056,-74.9084997675299,0,0
lat_38.96354788540056_lon_-74.9084997675299_hdg_180_pano.jpg,38.96354788540056,-74.9084997675299,180,0
lat_38.96354788540056_lon_-74.9084997675299_hdg_270_pano.jpg,38.96354788540056,-74.9084997675299,270,0
lat_38.96354788540056_lon_-74.9084997675299_hdg_90_pano.jpg,38.96354788540056,-74.9084997675299,90,0
lat_38.96357409520206_lon_-74.8484607040274_hdg_0_pano.jpg,38.96357409520206,-74.8484607040274,0,0
lat_38.96357409520206_lon_-74.8484607040274_hdg_180_pano.jpg,38.96357409520206,-74.8484607040274,180,0
lat_38.96357409520206_lon_-74.8484607040274_hdg_270_pano.jpg,38.96357409520206,-74.8484607040274,270,0
lat_38.96357409520206_lon_-74.8484607040274_hdg_90_pano.jpg,38.96357409520206,-74.8484607040274,90,0
lat_38.96357438883157_lon_-75.4086768524689_hdg_0_pano.jpg,38.96357438883157,-75.4086768524689,0,0
lat_38.96357438883157_lon_-75.4086768524689_hdg_180_pano.jpg,38.96357438883157,-75.4086768524689,180,0
lat_38.96357438883157_lon_-75.4086768524689_hdg_270_pano.jpg,38.96357438883157,-75.4086768524689,270,0
lat_38.96357438883157_lon_-75.4086768524689_hdg_90_pano.jpg,38.96357438883157,-75.4086768524689,90,0
lat_38.9636280850654_lon_-74.8434109776103_hdg_0_pano.jpg,38.9636280850654,-74.8434109776103,0,0
lat_38.9636280850654_lon_-74.8434109776103_hdg_180_pano.jpg,38.9636280850654,-74.8434109776103,180,0
lat_38.9636280850654_lon_-74.8434109776103_hdg_270_pano.jpg,38.9636280850654,-74.8434109776103,270,0
lat_38.9636280850654_lon_-74.8434109776103_hdg_90_pano.jpg,38.9636280850654,-74.8434109776103,90,0
lat_38.9637029260909_lon_-75.48333039608505_hdg_0_pano.jpg,38.9637029260909,-75.48333039608505,0,0
lat_38.9637029260909_lon_-75.48333039608505_hdg_180_pano.jpg,38.9637029260909,-75.48333039608505,180,0
lat_38.9637029260909_lon_-75.48333039608505_hdg_270_pano.jpg,38.9637029260909,-75.48333039608505,270,0
lat_38.9637029260909_lon_-75.48333039608505_hdg_90_pano.jpg,38.9637029260909,-75.48333039608505,90,0
lat_38.96392334020082_lon_-74.92299820753743_hdg_0_pano.jpg,38.96392334020082,-74.92299820753743,0,0
lat_38.96392334020082_lon_-74.92299820753743_hdg_180_pano.jpg,38.96392334020082,-74.92299820753743,180,0
lat_38.96392334020082_lon_-74.92299820753743_hdg_270_pano.jpg,38.96392334020082,-74.92299820753743,270,0
lat_38.96392334020082_lon_-74.92299820753743_hdg_90_pano.jpg,38.96392334020082,-74.92299820753743,90,0
lat_38.96594951517888_lon_-75.48966303131498_hdg_0_pano.jpg,38.96594951517888,-75.48966303131498,0,0
lat_38.96594951517888_lon_-75.48966303131498_hdg_180_pano.jpg,38.96594951517888,-75.48966303131498,180,0
lat_38.96594951517888_lon_-75.48966303131498_hdg_270_pano.jpg,38.96594951517888,-75.48966303131498,270,0
lat_38.96594951517888_lon_-75.48966303131498_hdg_90_pano.jpg,38.96594951517888,-75.48966303131498,90,0
lat_38.96815704106418_lon_-75.39843066710098_hdg_0_pano.jpg,38.96815704106418,-75.39843066710098,0,0
lat_38.96815704106418_lon_-75.39843066710098_hdg_180_pano.jpg,38.96815704106418,-75.39843066710098,180,0
lat_38.96815704106418_lon_-75.39843066710098_hdg_270_pano.jpg,38.96815704106418,-75.39843066710098,270,0
lat_38.96815704106418_lon_-75.39843066710098_hdg_90_pano.jpg,38.96815704106418,-75.39843066710098,90,0
lat_38.96832806472645_lon_-75.49395197459147_hdg_0_pano.jpg,38.96832806472645,-75.49395197459147,0,0
lat_38.96832806472645_lon_-75.49395197459147_hdg_180_pano.jpg,38.96832806472645,-75.49395197459147,180,0
lat_38.96832806472645_lon_-75.49395197459147_hdg_270_pano.jpg,38.96832806472645,-75.49395197459147,270,0
lat_38.96832806472645_lon_-75.49395197459147_hdg_90_pano.jpg,38.96832806472645,-75.49395197459147,90,0
lat_38.96836198906983_lon_-75.47847915238007_hdg_0_pano.jpg,38.96836198906983,-75.47847915238007,0,0
lat_38.96836198906983_lon_-75.47847915238007_hdg_180_pano.jpg,38.96836198906983,-75.47847915238007,180,0
lat_38.96836198906983_lon_-75.47847915238007_hdg_270_pano.jpg,38.96836198906983,-75.47847915238007,270,0
lat_38.96836198906983_lon_-75.47847915238007_hdg_90_pano.jpg,38.96836198906983,-75.47847915238007,90,0
lat_38.96841655108656_lon_-74.84366799211733_hdg_0_pano.jpg,38.96841655108656,-74.84366799211733,0,0
lat_38.96841655108656_lon_-74.84366799211733_hdg_180_pano.jpg,38.96841655108656,-74.84366799211733,180,0
lat_38.96841655108656_lon_-74.84366799211733_hdg_270_pano.jpg,38.96841655108656,-74.84366799211733,270,0
lat_38.96841655108656_lon_-74.84366799211733_hdg_90_pano.jpg,38.96841655108656,-74.84366799211733,90,0
lat_38.96844844340872_lon_-74.83825766322485_hdg_0_pano.jpg,38.96844844340872,-74.83825766322485,0,0
lat_38.96844844340872_lon_-74.83825766322485_hdg_180_pano.jpg,38.96844844340872,-74.83825766322485,180,0
lat_38.96844844340872_lon_-74.83825766322485_hdg_270_pano.jpg,38.96844844340872,-74.83825766322485,270,0
lat_38.96844844340872_lon_-74.83825766322485_hdg_90_pano.jpg,38.96844844340872,-74.83825766322485,90,0
lat_38.96847234941519_lon_-74.89853694816011_hdg_0_pano.jpg,38.96847234941519,-74.89853694816011,0,0
lat_38.96847234941519_lon_-74.89853694816011_hdg_180_pano.jpg,38.96847234941519,-74.89853694816011,180,0
lat_38.96847234941519_lon_-74.89853694816011_hdg_270_pano.jpg,38.96847234941519,-74.89853694816011,270,0
lat_38.96847234941519_lon_-74.89853694816011_hdg_90_pano.jpg,38.96847234941519,-74.89853694816011,90,0
lat_38.96849818719343_lon_-74.95917512883365_hdg_0_pano.jpg,38.96849818719343,-74.95917512883365,0,0
lat_38.96849818719343_lon_-74.95917512883365_hdg_180_pano.jpg,38.96849818719343,-74.95917512883365,180,0
lat_38.96849818719343_lon_-74.95917512883365_hdg_270_pano.jpg,38.96849818719343,-74.95917512883365,270,0
lat_38.96849818719343_lon_-74.95917512883365_hdg_90_pano.jpg,38.96849818719343,-74.95917512883365,90,0
lat_38.96852160785771_lon_-75.43361829181264_hdg_0_pano.jpg,38.96852160785771,-75.43361829181264,0,0
lat_38.96852160785771_lon_-75.43361829181264_hdg_180_pano.jpg,38.96852160785771,-75.43361829181264,180,0
lat_38.96852160785771_lon_-75.43361829181264_hdg_270_pano.jpg,38.96852160785771,-75.43361829181264,270,0
lat_38.96852160785771_lon_-75.43361829181264_hdg_90_pano.jpg,38.96852160785771,-75.43361829181264,90,0
lat_38.968549417054_lon_-75.45381512400733_hdg_0_pano.jpg,38.968549417054,-75.45381512400733,0,0
lat_38.968549417054_lon_-75.45381512400733_hdg_180_pano.jpg,38.968549417054,-75.45381512400733,180,0
lat_38.968549417054_lon_-75.45381512400733_hdg_270_pano.jpg,38.968549417054,-75.45381512400733,270,0
lat_38.968549417054_lon_-75.45381512400733_hdg_90_pano.jpg,38.968549417054,-75.45381512400733,90,0
lat_38.96864425030335_lon_-74.91924043101578_hdg_0_pano.jpg,38.96864425030335,-74.91924043101578,0,0
lat_38.96864425030335_lon_-74.91924043101578_hdg_180_pano.jpg,38.96864425030335,-74.91924043101578,180,0
lat_38.96864425030335_lon_-74.91924043101578_hdg_270_pano.jpg,38.96864425030335,-74.91924043101578,270,0
lat_38.96864425030335_lon_-74.91924043101578_hdg_90_pano.jpg,38.96864425030335,-74.91924043101578,90,0
lat_38.96864737446839_lon_-74.84843446790885_hdg_0_pano.jpg,38.96864737446839,-74.84843446790885,0,0
lat_38.96864737446839_lon_-74.84843446790885_hdg_180_pano.jpg,38.96864737446839,-74.84843446790885,180,0
lat_38.96864737446839_lon_-74.84843446790885_hdg_270_pano.jpg,38.96864737446839,-74.84843446790885,270,0
lat_38.96864737446839_lon_-74.84843446790885_hdg_90_pano.jpg,38.96864737446839,-74.84843446790885,90,0
lat_38.9687262873446_lon_-75.46395683445918_hdg_0_pano.jpg,38.9687262873446,-75.46395683445918,0,0
lat_38.9687262873446_lon_-75.46395683445918_hdg_180_pano.jpg,38.9687262873446,-75.46395683445918,180,0
lat_38.9687262873446_lon_-75.46395683445918_hdg_270_pano.jpg,38.9687262873446,-75.46395683445918,270,0
lat_38.9687262873446_lon_-75.46395683445918_hdg_90_pano.jpg,38.9687262873446,-75.46395683445918,90,0
lat_38.96902204176855_lon_-74.93838877441912_hdg_0_pano.jpg,38.96902204176855,-74.93838877441912,0,0
lat_38.96902204176855_lon_-74.93838877441912_hdg_180_pano.jpg,38.96902204176855,-74.93838877441912,180,0
lat_38.96902204176855_lon_-74.93838877441912_hdg_270_pano.jpg,38.96902204176855,-74.93838877441912,270,0
lat_38.96902204176855_lon_-74.93838877441912_hdg_90_pano.jpg,38.96902204176855,-74.93838877441912,90,0
lat_38.97303163395686_lon_-75.54858713669756_hdg_0_pano.jpg,38.97303163395686,-75.54858713669756,0,0
lat_38.97303163395686_lon_-75.54858713669756_hdg_180_pano.jpg,38.97303163395686,-75.54858713669756,180,0
lat_38.97303163395686_lon_-75.54858713669756_hdg_270_pano.jpg,38.97303163395686,-75.54858713669756,270,0
lat_38.97303163395686_lon_-75.54858713669756_hdg_90_pano.jpg,38.97303163395686,-75.54858713669756,90,0
lat_38.97315496796672_lon_-74.92880275325167_hdg_0_pano.jpg,38.97315496796672,-74.92880275325167,0,0
lat_38.97315496796672_lon_-74.92880275325167_hdg_180_pano.jpg,38.97315496796672,-74.92880275325167,180,0
lat_38.97315496796672_lon_-74.92880275325167_hdg_270_pano.jpg,38.97315496796672,-74.92880275325167,270,0
lat_38.97315496796672_lon_-74.92880275325167_hdg_90_pano.jpg,38.97315496796672,-74.92880275325167,90,0
lat_38.97333744478018_lon_-74.83886960818467_hdg_0_pano.jpg,38.97333744478018,-74.83886960818467,0,0
lat_38.97333744478018_lon_-74.83886960818467_hdg_180_pano.jpg,38.97333744478018,-74.83886960818467,180,0
lat_38.97333744478018_lon_-74.83886960818467_hdg_270_pano.jpg,38.97333744478018,-74.83886960818467,270,0
lat_38.97333744478018_lon_-74.83886960818467_hdg_90_pano.jpg,38.97333744478018,-74.83886960818467,90,0
lat_38.9733883641552_lon_-74.94859111809916_hdg_0_pano.jpg,38.9733883641552,-74.94859111809916,0,0
lat_38.9733883641552_lon_-74.94859111809916_hdg_180_pano.jpg,38.9733883641552,-74.94859111809916,180,0
lat_38.9733883641552_lon_-74.94859111809916_hdg_270_pano.jpg,38.9733883641552,-74.94859111809916,270,0
lat_38.9733883641552_lon_-74.94859111809916_hdg_90_pano.jpg,38.9733883641552,-74.94859111809916,90,0
lat_38.97343818198733_lon_-75.42362097782419_hdg_0_pano.jpg,38.97343818198733,-75.42362097782419,0,0
lat_38.97343818198733_lon_-75.42362097782419_hdg_180_pano.jpg,38.97343818198733,-75.42362097782419,180,0
lat_38.97343818198733_lon_-75.42362097782419_hdg_270_pano.jpg,38.97343818198733,-75.42362097782419,270,0
lat_38.97343818198733_lon_-75.42362097782419_hdg_90_pano.jpg,38.97343818198733,-75.42362097782419,90,0
lat_38.97344486647283_lon_-74.94360235694246_hdg_0_pano.jpg,38.97344486647283,-74.94360235694246,0,0
lat_38.97344486647283_lon_-74.94360235694246_hdg_180_pano.jpg,38.97344486647283,-74.94360235694246,180,0
lat_38.97344486647283_lon_-74.94360235694246_hdg_270_pano.jpg,38.97344486647283,-74.94360235694246,270,0
lat_38.97344486647283_lon_-74.94360235694246_hdg_90_pano.jpg,38.97344486647283,-74.94360235694246,90,0
lat_38.97346111105899_lon_-74.92328488965273_hdg_0_pano.jpg,38.97346111105899,-74.92328488965273,0,0
lat_38.97346111105899_lon_-74.92328488965273_hdg_180_pano.jpg,38.97346111105899,-74.92328488965273,180,0
lat_38.97346111105899_lon_-74.92328488965273_hdg_270_pano.jpg,38.97346111105899,-74.92328488965273,270,0
lat_38.97346111105899_lon_-74.92328488965273_hdg_90_pano.jpg,38.97346111105899,-74.92328488965273,90,0
lat_38.97352231133854_lon_-74.9535442320286_hdg_0_pano.jpg,38.97352231133854,-74.9535442320286,0,0
lat_38.97352231133854_lon_-74.9535442320286_hdg_180_pano.jpg,38.97352231133854,-74.9535442320286,180,0
lat_38.97352231133854_lon_-74.9535442320286_hdg_270_pano.jpg,38.97352231133854,-74.9535442320286,270,0
lat_38.97352231133854_lon_-74.9535442320286_hdg_90_pano.jpg,38.97352231133854,-74.9535442320286,90,0
lat_38.97352267662736_lon_-75.54368018171319_hdg_0_pano.jpg,38.97352267662736,-75.54368018171319,0,0
lat_38.97352267662736_lon_-75.54368018171319_hdg_180_pano.jpg,38.97352267662736,-75.54368018171319,180,0
lat_38.97352267662736_lon_-75.54368018171319_hdg_270_pano.jpg,38.97352267662736,-75.54368018171319,270,0
lat_38.97352267662736_lon_-75.54368018171319_hdg_90_pano.jpg,38.97352267662736,-75.54368018171319,90,0
lat_38.97352810419767_lon_-74.82862447517608_hdg_0_pano.jpg,38.97352810419767,-74.82862447517608,0,0
lat_38.97352810419767_lon_-74.82862447517608_hdg_180_pano.jpg,38.97352810419767,-74.82862447517608,180,0
lat_38.97352810419767_lon_-74.82862447517608_hdg_270_pano.jpg,38.97352810419767,-74.82862447517608,270,0
lat_38.97352810419767_lon_-74.82862447517608_hdg_90_pano.jpg,38.97352810419767,-74.82862447517608,90,0
lat_38.97353147758833_lon_-74.83360138141438_hdg_0_pano.jpg,38.97353147758833,-74.83360138141438,0,0
lat_38.97353147758833_lon_-74.83360138141438_hdg_180_pano.jpg,38.97353147758833,-74.83360138141438,180,0
lat_38.97353147758833_lon_-74.83360138141438_hdg_270_pano.jpg,38.97353147758833,-74.83360138141438,270,0
lat_38.97353147758833_lon_-74.83360138141438_hdg_90_pano.jpg,38.97353147758833,-74.83360138141438,90,0
lat_38.97354546763108_lon_-74.93857375350021_hdg_0_pano.jpg,38.97354546763108,-74.93857375350021,0,0
lat_38.97354546763108_lon_-74.93857375350021_hdg_180_pano.jpg,38.97354546763108,-74.93857375350021,180,0
lat_38.97354546763108_lon_-74.93857375350021_hdg_270_pano.jpg,38.97354546763108,-74.93857375350021,270,0
lat_38.97354546763108_lon_-74.93857375350021_hdg_90_pano.jpg,38.97354546763108,-74.93857375350021,90,0
lat_38.97359002236153_lon_-74.82320829974238_hdg_0_pano.jpg,38.97359002236153,-74.82320829974238,0,0
lat_38.97359002236153_lon_-74.82320829974238_hdg_180_pano.jpg,38.97359002236153,-74.82320829974238,180,0
lat_38.97359002236153_lon_-74.82320829974238_hdg_270_pano.jpg,38.97359002236153,-74.82320829974238,270,0
lat_38.97359002236153_lon_-74.82320829974238_hdg_90_pano.jpg,38.97359002236153,-74.82320829974238,90,0
lat_38.97367999795207_lon_-75.42811897088913_hdg_0_pano.jpg,38.97367999795207,-75.42811897088913,0,0
lat_38.97367999795207_lon_-75.42811897088913_hdg_180_pano.jpg,38.97367999795207,-75.42811897088913,180,0
lat_38.97367999795207_lon_-75.42811897088913_hdg_270_pano.jpg,38.97367999795207,-75.42811897088913,270,0
lat_38.97367999795207_lon_-75.42811897088913_hdg_90_pano.jpg,38.97367999795207,-75.42811897088913,90,0
lat_38.97368153325461_lon_-74.89382322086125_hdg_0_pano.jpg,38.97368153325461,-74.89382322086125,0,0
lat_38.97368153325461_lon_-74.89382322086125_hdg_180_pano.jpg,38.97368153325461,-74.89382322086125,180,0
lat_38.97368153325461_lon_-74.89382322086125_hdg_270_pano.jpg,38.97368153325461,-74.89382322086125,270,0
lat_38.97368153325461_lon_-74.89382322086125_hdg_90_pano.jpg,38.97368153325461,-74.89382322086125,90,0
lat_38.97369575790808_lon_-74.93348220341515_hdg_0_pano.jpg,38.97369575790808,-74.93348220341515,0,0
lat_38.97369575790808_lon_-74.93348220341515_hdg_180_pano.jpg,38.97369575790808,-74.93348220341515,180,0
lat_38.97369575790808_lon_-74.93348220341515_hdg_270_pano.jpg,38.97369575790808,-74.93348220341515,270,0
lat_38.97369575790808_lon_-74.93348220341515_hdg_90_pano.jpg,38.97369575790808,-74.93348220341515,90,0
lat_38.97370908677815_lon_-75.50889099306666_hdg_0_pano.jpg,38.97370908677815,-75.50889099306666,0,0
lat_38.97370908677815_lon_-75.50889099306666_hdg_180_pano.jpg,38.97370908677815,-75.50889099306666,180,0
lat_38.97370908677815_lon_-75.50889099306666_hdg_270_pano.jpg,38.97370908677815,-75.50889099306666,270,0
lat_38.97370908677815_lon_-75.50889099306666_hdg_90_pano.jpg,38.97370908677815,-75.50889099306666,90,0
lat_38.97388342555065_lon_-74.91901716313507_hdg_0_pano.jpg,38.97388342555065,-74.91901716313507,0,0
lat_38.97388342555065_lon_-74.91901716313507_hdg_180_pano.jpg,38.97388342555065,-74.91901716313507,180,0
lat_38.97388342555065_lon_-74.91901716313507_hdg_270_pano.jpg,38.97388342555065,-74.91901716313507,270,0
lat_38.97388342555065_lon_-74.91901716313507_hdg_90_pano.jpg,38.97388342555065,-74.91901716313507,90,0
lat_38.97396174808922_lon_-75.40839149960973_hdg_0_pano.jpg,38.97396174808922,-75.40839149960973,0,0
lat_38.97396174808922_lon_-75.40839149960973_hdg_180_pano.jpg,38.97396174808922,-75.40839149960973,180,0
lat_38.97396174808922_lon_-75.40839149960973_hdg_270_pano.jpg,38.97396174808922,-75.40839149960973,270,0
lat_38.97396174808922_lon_-75.40839149960973_hdg_90_pano.jpg,38.97396174808922,-75.40839149960973,90,0
lat_38.97405931367417_lon_-75.5385320265327_hdg_0_pano.jpg,38.97405931367417,-75.5385320265327,0,0
lat_38.97405931367417_lon_-75.5385320265327_hdg_180_pano.jpg,38.97405931367417,-75.5385320265327,180,0
lat_38.97405931367417_lon_-75.5385320265327_hdg_270_pano.jpg,38.97405931367417,-75.5385320265327,270,0
lat_38.97405931367417_lon_-75.5385320265327_hdg_90_pano.jpg,38.97405931367417,-75.5385320265327,90,0
lat_38.97514626454537_lon_-75.49827856430271_hdg_0_pano.jpg,38.97514626454537,-75.49827856430271,0,0
lat_38.97514626454537_lon_-75.49827856430271_hdg_180_pano.jpg,38.97514626454537,-75.49827856430271,180,0
lat_38.97514626454537_lon_-75.49827856430271_hdg_270_pano.jpg,38.97514626454537,-75.49827856430271,270,0
lat_38.97514626454537_lon_-75.49827856430271_hdg_90_pano.jpg,38.97514626454537,-75.49827856430271,90,0
lat_38.97818207888201_lon_-74.92390561625358_hdg_0_pano.jpg,38.97818207888201,-74.92390561625358,0,0
lat_38.97818207888201_lon_-74.92390561625358_hdg_180_pano.jpg,38.97818207888201,-74.92390561625358,180,0
lat_38.97818207888201_lon_-74.92390561625358_hdg_270_pano.jpg,38.97818207888201,-74.92390561625358,270,0
lat_38.97818207888201_lon_-74.92390561625358_hdg_90_pano.jpg,38.97818207888201,-74.92390561625358,90,0
lat_38.97818580468643_lon_-74.91335374599615_hdg_0_pano.jpg,38.97818580468643,-74.91335374599615,0,0
lat_38.97818580468643_lon_-74.91335374599615_hdg_180_pano.jpg,38.97818580468643,-74.91335374599615,180,0
lat_38.97818580468643_lon_-74.91335374599615_hdg_270_pano.jpg,38.97818580468643,-74.91335374599615,270,0
lat_38.97818580468643_lon_-74.91335374599615_hdg_90_pano.jpg,38.97818580468643,-74.91335374599615,90,0
lat_38.97826942798271_lon_-75.46863246295278_hdg_0_pano.jpg,38.97826942798271,-75.46863246295278,0,0
lat_38.97826942798271_lon_-75.46863246295278_hdg_180_pano.jpg,38.97826942798271,-75.46863246295278,180,0
lat_38.97826942798271_lon_-75.46863246295278_hdg_270_pano.jpg,38.97826942798271,-75.46863246295278,270,0
lat_38.97826942798271_lon_-75.46863246295278_hdg_90_pano.jpg,38.97826942798271,-75.46863246295278,90,0
lat_38.97827958820357_lon_-74.83390428378355_hdg_0_pano.jpg,38.97827958820357,-74.83390428378355,0,0
lat_38.97827958820357_lon_-74.83390428378355_hdg_180_pano.jpg,38.97827958820357,-74.83390428378355,180,0
lat_38.97827958820357_lon_-74.83390428378355_hdg_270_pano.jpg,38.97827958820357,-74.83390428378355,270,0
lat_38.97827958820357_lon_-74.83390428378355_hdg_90_pano.jpg,38.97827958820357,-74.83390428378355,90,0
lat_38.97829133560691_lon_-74.90821074012047_hdg_0_pano.jpg,38.97829133560691,-74.90821074012047,0,0
lat_38.97829133560691_lon_-74.90821074012047_hdg_180_pano.jpg,38.97829133560691,-74.90821074012047,180,0
lat_38.97829133560691_lon_-74.90821074012047_hdg_270_pano.jpg,38.97829133560691,-74.90821074012047,270,0
lat_38.97829133560691_lon_-74.90821074012047_hdg_90_pano.jpg,38.97829133560691,-74.90821074012047,90,0
lat_38.97848243902624_lon_-74.9583125952327_hdg_0_pano.jpg,38.97848243902624,-74.9583125952327,0,0
lat_38.97848243902624_lon_-74.9583125952327_hdg_180_pano.jpg,38.97848243902624,-74.9583125952327,180,0
lat_38.97848243902624_lon_-74.9583125952327_hdg_270_pano.jpg,38.97848243902624,-74.9583125952327,270,0
lat_38.97848243902624_lon_-74.9583125952327_hdg_90_pano.jpg,38.97848243902624,-74.9583125952327,90,0
lat_38.97848584758288_lon_-74.94870268722752_hdg_0_pano.jpg,38.97848584758288,-74.94870268722752,0,0
lat_38.97848584758288_lon_-74.94870268722752_hdg_180_pano.jpg,38.97848584758288,-74.94870268722752,180,0
lat_38.97848584758288_lon_-74.94870268722752_hdg_270_pano.jpg,38.97848584758288,-74.94870268722752,270,0
lat_38.97848584758288_lon_-74.94870268722752_hdg_90_pano.jpg,38.97848584758288,-74.94870268722752,90,0
lat_38.97849149929985_lon_-74.95390559412392_hdg_0_pano.jpg,38.97849149929985,-74.95390559412392,0,0
lat_38.97849149929985_lon_-74.95390559412392_hdg_180_pano.jpg,38.97849149929985,-74.95390559412392,180,0
lat_38.97849149929985_lon_-74.95390559412392_hdg_270_pano.jpg,38.97849149929985,-74.95390559412392,270,0
lat_38.97849149929985_lon_-74.95390559412392_hdg_90_pano.jpg,38.97849149929985,-74.95390559412392,90,0
lat_38.97851720637708_lon_-74.94358193318186_hdg_0_pano.jpg,38.97851720637708,-74.94358193318186,0,0
lat_38.97851720637708_lon_-74.94358193318186_hdg_180_pano.jpg,38.97851720637708,-74.94358193318186,180,0
lat_38.97851720637708_lon_-74.94358193318186_hdg_270_pano.jpg,38.97851720637708,-74.94358193318186,270,0
lat_38.97851720637708_lon_-74.94358193318186_hdg_90_pano.jpg,38.97851720637708,-74.94358193318186,90,0
lat_38.97854976553452_lon_-75.42882848017514_hdg_0_pano.jpg,38.97854976553452,-75.42882848017514,0,0
lat_38.97854976553452_lon_-75.42882848017514_hdg_180_pano.jpg,38.97854976553452,-75.42882848017514,180,0
lat_38.97854976553452_lon_-75.42882848017514_hdg_270_pano.jpg,38.97854976553452,-75.42882848017514,270,0
lat_38.97854976553452_lon_-75.42882848017514_hdg_90_pano.jpg,38.97854976553452,-75.42882848017514,90,0
lat_38.97856498300585_lon_-74.82349497724927_hdg_0_pano.jpg,38.97856498300585,-74.82349497724927,0,0
lat_38.97856498300585_lon_-74.82349497724927_hdg_180_pano.jpg,38.97856498300585,-74.82349497724927,180,0
lat_38.97856498300585_lon_-74.82349497724927_hdg_270_pano.jpg,38.97856498300585,-74.82349497724927,270,0
lat_38.97856498300585_lon_-74.82349497724927_hdg_90_pano.jpg,38.97856498300585,-74.82349497724927,90,0
lat_38.97858576081106_lon_-75.43821698302078_hdg_0_pano.jpg,38.97858576081106,-75.43821698302078,0,0
lat_38.97858576081106_lon_-75.43821698302078_hdg_180_pano.jpg,38.97858576081106,-75.43821698302078,180,0
lat_38.97858576081106_lon_-75.43821698302078_hdg_270_pano.jpg,38.97858576081106,-75.43821698302078,270,0
lat_38.97858576081106_lon_-75.43821698302078_hdg_90_pano.jpg,38.97858576081106,-75.43821698302078,90,0
lat_38.97859310020814_lon_-74.92804281156964_hdg_0_pano.jpg,38.97859310020814,-74.92804281156964,0,0
lat_38.97859310020814_lon_-74.92804281156964_hdg_180_pano.jpg,38.97859310020814,-74.92804281156964,180,0
lat_38.97859310020814_lon_-74.92804281156964_hdg_270_pano.jpg,38.97859310020814,-74.92804281156964,270,0
lat_38.97859310020814_lon_-74.92804281156964_hdg_90_pano.jpg,38.97859310020814,-74.92804281156964,90,0
lat_38.97859901353046_lon_-75.39359909888108_hdg_0_pano.jpg,38.97859901353046,-75.39359909888108,0,0
lat_38.97859901353046_lon_-75.39359909888108_hdg_180_pano.jpg,38.97859901353046,-75.39359909888108,180,0
lat_38.97859901353046_lon_-75.39359909888108_hdg_270_pano.jpg,38.97859901353046,-75.39359909888108,270,0
lat_38.97859901353046_lon_-75.39359909888108_hdg_90_pano.jpg,38.97859901353046,-75.39359909888108,90,0
lat_38.97861221247557_lon_-74.82866115658832_hdg_0_pano.jpg,38.97861221247557,-74.82866115658832,0,0
lat_38.97861221247557_lon_-74.82866115658832_hdg_180_pano.jpg,38.97861221247557,-74.82866115658832,180,0
lat_38.97861221247557_lon_-74.82866115658832_hdg_270_pano.jpg,38.97861221247557,-74.82866115658832,270,0
lat_38.97861221247557_lon_-74.82866115658832_hdg_90_pano.jpg,38.97861221247557,-74.82866115658832,90,0
lat_38.97863176035604_lon_-75.35334659927264_hdg_0_pano.jpg,38.97863176035604,-75.35334659927264,0,0
lat_38.97863176035604_lon_-75.35334659927264_hdg_180_pano.jpg,38.97863176035604,-75.35334659927264,180,0
lat_38.97863176035604_lon_-75.35334659927264_hdg_270_pano.jpg,38.97863176035604,-75.35334659927264,270,0
lat_38.97863176035604_lon_-75.35334659927264_hdg_90_pano.jpg,38.97863176035604,-75.35334659927264,90,0
lat_38.97869259117559_lon_-75.38857643471587_hdg_0_pano.jpg,38.97869259117559,-75.38857643471587,0,0
lat_38.97869259117559_lon_-75.38857643471587_hdg_180_pano.jpg,38.97869259117559,-75.38857643471587,180,0
lat_38.97869259117559_lon_-75.38857643471587_hdg_270_pano.jpg,38.97869259117559,-75.38857643471587,270,0
lat_38.97869259117559_lon_-75.38857643471587_hdg_90_pano.jpg,38.97869259117559,-75.38857643471587,90,0
lat_38.9787357351093_lon_-75.4735275789097_hdg_0_pano.jpg,38.9787357351093,-75.4735275789097,0,0
lat_38.9787357351093_lon_-75.4735275789097_hdg_180_pano.jpg,38.9787357351093,-75.4735275789097,180,0
lat_38.9787357351093_lon_-75.4735275789097_hdg_270_pano.jpg,38.9787357351093,-75.4735275789097,270,0
lat_38.9787357351093_lon_-75.4735275789097_hdg_90_pano.jpg,38.9787357351093,-75.4735275789097,90,0
lat_38.97877480183743_lon_-74.88898186770516_hdg_0_pano.jpg,38.97877480183743,-74.88898186770516,0,0
lat_38.97877480183743_lon_-74.88898186770516_hdg_180_pano.jpg,38.97877480183743,-74.88898186770516,180,0
lat_38.97877480183743_lon_-74.88898186770516_hdg_270_pano.jpg,38.97877480183743,-74.88898186770516,270,0
lat_38.97877480183743_lon_-74.88898186770516_hdg_90_pano.jpg,38.97877480183743,-74.88898186770516,90,0
lat_38.97892354494625_lon_-75.52793574984314_hdg_0_pano.jpg,38.97892354494625,-75.52793574984314,0,0
lat_38.97892354494625_lon_-75.52793574984314_hdg_180_pano.jpg,38.97892354494625,-75.52793574984314,180,0
lat_38.97892354494625_lon_-75.52793574984314_hdg_270_pano.jpg,38.97892354494625,-75.52793574984314,270,0
lat_38.97892354494625_lon_-75.52793574984314_hdg_90_pano.jpg,38.97892354494625,-75.52793574984314,90,0
lat_38.98296180470857_lon_-74.81252608588332_hdg_0_pano.jpg,38.98296180470857,-74.81252608588332,0,0
lat_38.98296180470857_lon_-74.81252608588332_hdg_180_pano.jpg,38.98296180470857,-74.81252608588332,180,0
lat_38.98296180470857_lon_-74.81252608588332_hdg_270_pano.jpg,38.98296180470857,-74.81252608588332,270,0
lat_38.98296180470857_lon_-74.81252608588332_hdg_90_pano.jpg,38.98296180470857,-74.81252608588332,90,0
lat_38.98306713719821_lon_-75.42297457313403_hdg_0_pano.jpg,38.98306713719821,-75.42297457313403,0,0
lat_38.98306713719821_lon_-75.42297457313403_hdg_180_pano.jpg,38.98306713719821,-75.42297457313403,180,0
lat_38.98306713719821_lon_-75.42297457313403_hdg_270_pano.jpg,38.98306713719821,-75.42297457313403,270,0
lat_38.98306713719821_lon_-75.42297457313403_hdg_90_pano.jpg,38.98306713719821,-75.42297457313403,90,0
lat_38.9831343173118_lon_-74.93379375169937_hdg_0_pano.jpg,38.9831343173118,-74.93379375169937,0,0
lat_38.9831343173118_lon_-74.93379375169937_hdg_180_pano.jpg,38.9831343173118,-74.93379375169937,180,0
lat_38.9831343173118_lon_-74.93379375169937_hdg_270_pano.jpg,38.9831343173118,-74.93379375169937,270,0
lat_38.9831343173118_lon_-74.93379375169937_hdg_90_pano.jpg,38.9831343173118,-74.93379375169937,90,0
lat_38.98317405307514_lon_-75.50293685766857_hdg_0_pano.jpg,38.98317405307514,-75.50293685766857,0,0
lat_38.98317405307514_lon_-75.50293685766857_hdg_180_pano.jpg,38.98317405307514,-75.50293685766857,180,0
lat_38.98317405307514_lon_-75.50293685766857_hdg_270_pano.jpg,38.98317405307514,-75.50293685766857,270,0
lat_38.98317405307514_lon_-75.50293685766857_hdg_90_pano.jpg,38.98317405307514,-75.50293685766857,90,0
lat_38.98317965454562_lon_-74.93863796991123_hdg_0_pano.jpg,38.98317965454562,-74.93863796991123,0,0
lat_38.98317965454562_lon_-74.93863796991123_hdg_180_pano.jpg,38.98317965454562,-74.93863796991123,180,0
lat_38.98317965454562_lon_-74.93863796991123_hdg_270_pano.jpg,38.98317965454562,-74.93863796991123,270,0
lat_38.98317965454562_lon_-74.93863796991123_hdg_90_pano.jpg,38.98317965454562,-74.93863796991123,90,0
lat_38.98332126614115_lon_-74.91824379580353_hdg_0_pano.jpg,38.98332126614115,-74.91824379580353,0,0
lat_38.98332126614115_lon_-74.91824379580353_hdg_180_pano.jpg,38.98332126614115,-74.91824379580353,180,0
lat_38.98332126614115_lon_-74.91824379580353_hdg_270_pano.jpg,38.98332126614115,-74.91824379580353,270,0
lat_38.98332126614115_lon_-74.91824379580353_hdg_90_pano.jpg,38.98332126614115,-74.91824379580353,90,0
lat_38.98332187587547_lon_-74.90300013067149_hdg_0_pano.jpg,38.98332187587547,-74.90300013067149,0,0
lat_38.98332187587547_lon_-74.90300013067149_hdg_180_pano.jpg,38.98332187587547,-74.90300013067149,180,0
lat_38.98332187587547_lon_-74.90300013067149_hdg_270_pano.jpg,38.98332187587547,-74.90300013067149,270,0
lat_38.98332187587547_lon_-74.90300013067149_hdg_90_pano.jpg,38.98332187587547,-74.90300013067149,90,0
lat_38.98334808605168_lon_-74.9087518632424_hdg_0_pano.jpg,38.98334808605168,-74.9087518632424,0,0
lat_38.98334808605168_lon_-74.9087518632424_hdg_180_pano.jpg,38.98334808605168,-74.9087518632424,180,0
lat_38.98334808605168_lon_-74.9087518632424_hdg_270_pano.jpg,38.98334808605168,-74.9087518632424,270,0
lat_38.98334808605168_lon_-74.9087518632424_hdg_90_pano.jpg,38.98334808605168,-74.9087518632424,90,0
lat_38.98337321086368_lon_-75.48358041103405_hdg_0_pano.jpg,38.98337321086368,-75.48358041103405,0,0
lat_38.98337321086368_lon_-75.48358041103405_hdg_180_pano.jpg,38.98337321086368,-75.48358041103405,180,0
lat_38.98337321086368_lon_-75.48358041103405_hdg_270_pano.jpg,38.98337321086368,-75.48358041103405,270,0
lat_38.98337321086368_lon_-75.48358041103405_hdg_90_pano.jpg,38.98337321086368,-75.48358041103405,90,0
lat_38.98339220297031_lon_-74.8238078942863_hdg_0_pano.jpg,38.98339220297031,-74.8238078942863,0,0
lat_38.98339220297031_lon_-74.8238078942863_hdg_180_pano.jpg,38.98339220297031,-74.8238078942863,180,0
lat_38.98339220297031_lon_-74.8238078942863_hdg_270_pano.jpg,38.98339220297031,-74.8238078942863,270,0
lat_38.98339220297031_lon_-74.8238078942863_hdg_90_pano.jpg,38.98339220297031,-74.8238078942863,90,0
lat_38.98342541825244_lon_-74.9232815001347_hdg_0_pano.jpg,38.98342541825244,-74.9232815001347,0,0
lat_38.98342541825244_lon_-74.9232815001347_hdg_180_pano.jpg,38.98342541825244,-74.9232815001347,180,0
lat_38.98342541825244_lon_-74.9232815001347_hdg_270_pano.jpg,38.98342541825244,-74.9232815001347,270,0
lat_38.98342541825244_lon_-74.9232815001347_hdg_90_pano.jpg,38.98342541825244,-74.9232815001347,90,0
lat_38.9834326317371_lon_-74.95321033701866_hdg_0_pano.jpg,38.9834326317371,-74.95321033701866,0,0
lat_38.9834326317371_lon_-74.95321033701866_hdg_180_pano.jpg,38.9834326317371,-74.95321033701866,180,0
lat_38.9834326317371_lon_-74.95321033701866_hdg_270_pano.jpg,38.9834326317371,-74.95321033701866,270,0
lat_38.9834326317371_lon_-74.95321033701866_hdg_90_pano.jpg,38.9834326317371,-74.95321033701866,90,0
lat_38.98344315194525_lon_-74.81856667921929_hdg_0_pano.jpg,38.98344315194525,-74.81856667921929,0,0
lat_38.98344315194525_lon_-74.81856667921929_hdg_180_pano.jpg,38.98344315194525,-74.81856667921929,180,0
lat_38.98344315194525_lon_-74.81856667921929_hdg_270_pano.jpg,38.98344315194525,-74.81856667921929,270,0
lat_38.98344315194525_lon_-74.81856667921929_hdg_90_pano.jpg,38.98344315194525,-74.81856667921929,90,0
lat_38.98346298638384_lon_-74.83313221186047_hdg_0_pano.jpg,38.98346298638384,-74.83313221186047,0,0
lat_38.98346298638384_lon_-74.83313221186047_hdg_180_pano.jpg,38.98346298638384,-74.83313221186047,180,0
lat_38.98346298638384_lon_-74.83313221186047_hdg_270_pano.jpg,38.98346298638384,-74.83313221186047,270,0
lat_38.98346298638384_lon_-74.83313221186047_hdg_90_pano.jpg,38.98346298638384,-74.83313221186047,90,0
lat_38.98346647861041_lon_-74.95853001263326_hdg_0_pano.jpg,38.98346647861041,-74.95853001263326,0,0
lat_38.98346647861041_lon_-74.95853001263326_hdg_180_pano.jpg,38.98346647861041,-74.95853001263326,180,0
lat_38.98346647861041_lon_-74.95853001263326_hdg_270_pano.jpg,38.98346647861041,-74.95853001263326,270,0
lat_38.98346647861041_lon_-74.95853001263326_hdg_90_pano.jpg,38.98346647861041,-74.95853001263326,90,0
lat_38.9835206424202_lon_-74.94855303653263_hdg_0_pano.jpg,38.9835206424202,-74.94855303653263,0,0
lat_38.9835206424202_lon_-74.94855303653263_hdg_180_pano.jpg,38.9835206424202,-74.94855303653263,180,0
lat_38.9835206424202_lon_-74.94855303653263_hdg_270_pano.jpg,38.9835206424202,-74.94855303653263,270,0
lat_38.9835206424202_lon_-74.94855303653263_hdg_90_pano.jpg,38.9835206424202,-74.94855303653263,90,0
lat_38.98356174657271_lon_-74.9438057917279_hdg_0_pano.jpg,38.98356174657271,-74.9438057917279,0,0
lat_38.98356174657271_lon_-74.9438057917279_hdg_180_pano.jpg,38.98356174657271,-74.9438057917279,180,0
lat_38.98356174657271_lon_-74.9438057917279_hdg_270_pano.jpg,38.98356174657271,-74.9438057917279,270,0
lat_38.98356174657271_lon_-74.9438057917279_hdg_90_pano.jpg,38.98356174657271,-74.9438057917279,90,0
lat_38.98361490118531_lon_-74.82881198761415_hdg_0_pano.jpg,38.98361490118531,-74.82881198761415,0,0
lat_38.98361490118531_lon_-74.82881198761415_hdg_180_pano.jpg,38.98361490118531,-74.82881198761415,180,0
lat_38.98361490118531_lon_-74.82881198761415_hdg_270_pano.jpg,38.98361490118531,-74.82881198761415,270,0
lat_38.98361490118531_lon_-74.82881198761415_hdg_90_pano.jpg,38.98361490118531,-74.82881198761415,90,0
lat_38.98368159672042_lon_-74.92872497534546_hdg_0_pano.jpg,38.98368159672042,-74.92872497534546,0,0
lat_38.98368159672042_lon_-74.92872497534546_hdg_180_pano.jpg,38.98368159672042,-74.92872497534546,180,0
lat_38.98368159672042_lon_-74.92872497534546_hdg_270_pano.jpg,38.98368159672042,-74.92872497534546,270,0
lat_38.98368159672042_lon_-74.92872497534546_hdg_90_pano.jpg,38.98368159672042,-74.92872497534546,90,0
lat_38.98381975206166_lon_-75.41869089402378_hdg_0_pano.jpg,38.98381975206166,-75.41869089402378,0,0
lat_38.98381975206166_lon_-75.41869089402378_hdg_180_pano.jpg,38.98381975206166,-75.41869089402378,180,0
lat_38.98381975206166_lon_-75.41869089402378_hdg_270_pano.jpg,38.98381975206166,-75.41869089402378,270,0
lat_38.98381975206166_lon_-75.41869089402378_hdg_90_pano.jpg,38.98381975206166,-75.41869089402378,90,0
lat_38.98383046091332_lon_-75.5080459898817_hdg_0_pano.jpg,38.98383046091332,-75.5080459898817,0,0
lat_38.98383046091332_lon_-75.5080459898817_hdg_180_pano.jpg,38.98383046091332,-75.5080459898817,180,0
lat_38.98383046091332_lon_-75.5080459898817_hdg_270_pano.jpg,38.98383046091332,-75.5080459898817,270,0
lat_38.98383046091332_lon_-75.5080459898817_hdg_90_pano.jpg,38.98383046091332,-75.5080459898817,90,0
lat_38.98390298001109_lon_-75.49404164657706_hdg_0_pano.jpg,38.98390298001109,-75.49404164657706,0,0
lat_38.98390298001109_lon_-75.49404164657706_hdg_180_pano.jpg,38.98390298001109,-75.49404164657706,180,0
lat_38.98390298001109_lon_-75.49404164657706_hdg_270_pano.jpg,38.98390298001109,-75.49404164657706,270,0
lat_38.98390298001109_lon_-75.49404164657706_hdg_90_pano.jpg,38.98390298001109,-75.49404164657706,90,0
lat_38.98392708486605_lon_-75.48856640219574_hdg_0_pano.jpg,38.98392708486605,-75.48856640219574,0,0
lat_38.98392708486605_lon_-75.48856640219574_hdg_180_pano.jpg,38.98392708486605,-75.48856640219574,180,0
lat_38.98392708486605_lon_-75.48856640219574_hdg_270_pano.jpg,38.98392708486605,-75.48856640219574,270,0
lat_38.98392708486605_lon_-75.48856640219574_hdg_90_pano.jpg,38.98392708486605,-75.48856640219574,90,0
lat_38.98414448890475_lon_-75.51876337469807_hdg_0_pano.jpg,38.98414448890475,-75.51876337469807,0,0
lat_38.98414448890475_lon_-75.51876337469807_hdg_180_pano.jpg,38.98414448890475,-75.51876337469807,180,0
lat_38.98414448890475_lon_-75.51876337469807_hdg_270_pano.jpg,38.98414448890475,-75.51876337469807,270,0
lat_38.98414448890475_lon_-75.51876337469807_hdg_90_pano.jpg,38.98414448890475,-75.51876337469807,90,0
lat_38.98838988406679_lon_-75.49388274316043_hdg_0_pano.jpg,38.98838988406679,-75.49388274316043,0,0
lat_38.98838988406679_lon_-75.49388274316043_hdg_180_pano.jpg,38.98838988406679,-75.49388274316043,180,0
lat_38.98838988406679_lon_-75.49388274316043_hdg_270_pano.jpg,38.98838988406679,-75.49388274316043,270,0
lat_38.98838988406679_lon_-75.49388274316043_hdg_90_pano.jpg,38.98838988406679,-75.49388274316043,90,0
lat_38.98844123467045_lon_-75.44872707678512_hdg_0_pano.jpg,38.98844123467045,-75.44872707678512,0,0
lat_38.98844123467045_lon_-75.44872707678512_hdg_180_pano.jpg,38.98844123467045,-75.44872707678512,180,0
lat_38.98844123467045_lon_-75.44872707678512_hdg_270_pano.jpg,38.98844123467045,-75.44872707678512,270,0
lat_38.98844123467045_lon_-75.44872707678512_hdg_90_pano.jpg,38.98844123467045,-75.44872707678512,90,0
lat_38.98846726807439_lon_-75.51354593364402_hdg_0_pano.jpg,38.98846726807439,-75.51354593364402,0,0
lat_38.98846726807439_lon_-75.51354593364402_hdg_180_pano.jpg,38.98846726807439,-75.51354593364402,180,0
lat_38.98846726807439_lon_-75.51354593364402_hdg_270_pano.jpg,38.98846726807439,-75.51354593364402,270,0
lat_38.98846726807439_lon_-75.51354593364402_hdg_90_pano.jpg,38.98846726807439,-75.51354593364402,90,0
lat_38.98852591091685_lon_-75.53371172153146_hdg_0_pano.jpg,38.98852591091685,-75.53371172153146,0,0
lat_38.98852591091685_lon_-75.53371172153146_hdg_180_pano.jpg,38.98852591091685,-75.53371172153146,180,0
lat_38.98852591091685_lon_-75.53371172153146_hdg_270_pano.jpg,38.98852591091685,-75.53371172153146,270,0
lat_38.98852591091685_lon_-75.53371172153146_hdg_90_pano.jpg,38.98852591091685,-75.53371172153146,90,0
lat_38.98885154549056_lon_-75.4383043767986_hdg_0_pano.jpg,38.98885154549056,-75.4383043767986,0,0
lat_38.98885154549056_lon_-75.4383043767986_hdg_180_pano.jpg,38.98885154549056,-75.4383043767986,180,0
lat_38.98885154549056_lon_-75.4383043767986_hdg_270_pano.jpg,38.98885154549056,-75.4383043767986,270,0
lat_38.98885154549056_lon_-75.4383043767986_hdg_90_pano.jpg,38.98885154549056,-75.4383043767986,90,0
lat_38.98887697952932_lon_-75.44355262246242_hdg_0_pano.jpg,38.98887697952932,-75.44355262246242,0,0
lat_38.98887697952932_lon_-75.44355262246242_hdg_180_pano.jpg,38.98887697952932,-75.44355262246242,180,0
lat_38.98887697952932_lon_-75.44355262246242_hdg_270_pano.jpg,38.98887697952932,-75.44355262246242,270,0
lat_38.98887697952932_lon_-75.44355262246242_hdg_90_pano.jpg,38.98887697952932,-75.44355262246242,90,0
